-0.000000000000000000e+00,-0.000000000000000000e+00,-0.000000000000000000e+00,-0.000000000000000000e+00,-0.000000000000000000e+00,-0.000000000000000000e+00,-0.000000000000000000e+00,-0.000000000000000000e+00,-0.000000000000000000e+00,-0.000000000000000000e+00,-0.000000000000000000e+00,-0.000000000000000000e+00,-0.000000000000000000e+00,-0.000000000000000000e+00,-0.000000000000000000e+00,-0.000000000000000000e+00,-0.000000000000000000e+00,-0.000000000000000000e+00,-0.000000000000000000e+00,-0.000000000000000000e+00,-0.000000000000000000e+00,-0.000000000000000000e+00,-0.000000000000000000e+00,-0.000000000000000000e+00,-0.000000000000000000e+00,-0.000000000000000000e+00,-0.000000000000000000e+00,1.072884181497058874e-06,2.159709480675971194e-04,8.490195171164668930e-02,3.367275847728959715e+00,1.012682532509101563e+01,1.801405330725863507e+01,2.700994869889014893e+01,3.856066128969187901e+01,5.324625392304454152e+01,7.127220152041992662e+01,9.272535925980680815e+01,nan,nan,nan,nan,nan,nan,nan,nan,nan,nan,nan,nan,nan
-0.000000000000000000e+00,-0.000000000000000000e+00,-0.000000000000000000e+00,-0.000000000000000000e+00,-0.000000000000000000e+00,-0.000000000000000000e+00,-0.000000000000000000e+00,-0.000000000000000000e+00,-0.000000000000000000e+00,-0.000000000000000000e+00,-0.000000000000000000e+00,-0.000000000000000000e+00,-0.000000000000000000e+00,-0.000000000000000000e+00,-0.000000000000000000e+00,-0.000000000000000000e+00,-0.000000000000000000e+00,-0.000000000000000000e+00,-0.000000000000000000e+00,-0.000000000000000000e+00,-0.000000000000000000e+00,-0.000000000000000000e+00,-0.000000000000000000e+00,2.384186075232764303e-07,3.576279326012052150e-07,3.576279326012052150e-07,1.072884181497058874e-06,1.370916226847547845e-05,6.647530839816019697e-04,7.593869337112338358e-02,2.394792357797648208e+00,8.086840191078671580e+00,1.522071106403403817e+01,2.359553527686833618e+01,3.438619236077032326e+01,4.800656126266603252e+01,6.484133152323948934e+01,8.422962189756347584e+01,nan,nan,nan,nan,nan,nan,nan,nan,nan,nan,nan,nan,nan
-0.000000000000000000e+00,-0.000000000000000000e+00,-0.000000000000000000e+00,-0.000000000000000000e+00,-0.000000000000000000e+00,-0.000000000000000000e+00,-0.000000000000000000e+00,-0.000000000000000000e+00,-0.000000000000000000e+00,-0.000000000000000000e+00,-0.000000000000000000e+00,-0.000000000000000000e+00,-0.000000000000000000e+00,-0.000000000000000000e+00,-0.000000000000000000e+00,-0.000000000000000000e+00,1.192092966562091635e-07,1.192092966562091635e-07,1.192092966562091635e-07,-0.000000000000000000e+00,-0.000000000000000000e+00,1.192092966562091635e-07,5.960466253896608114e-07,2.741817418445911629e-06,4.649173099868976426e-06,4.053124058622782691e-06,8.702316002249094512e-06,8.130404055756547746e-05,1.447831144500017972e-03,5.086800844428278345e-02,1.351677606869457593e+00,6.306361231225659836e+00,1.251943574032718942e+01,2.025164036418673064e+01,3.016986094288581910e+01,4.291266637690900154e+01,5.795761113231371553e+01,7.579399874374240653e+01,9.664429654557017102e+01,nan,nan,nan,nan,nan,nan,nan,nan,nan,nan,nan,nan
-0.000000000000000000e+00,-0.000000000000000000e+00,-0.000000000000000000e+00,-0.000000000000000000e+00,-0.000000000000000000e+00,-0.000000000000000000e+00,-0.000000000000000000e+00,-0.000000000000000000e+00,-0.000000000000000000e+00,-0.000000000000000000e+00,-0.000000000000000000e+00,-0.000000000000000000e+00,-0.000000000000000000e+00,-0.000000000000000000e+00,1.192092966562091635e-07,1.549721964978620376e-06,4.172333838450067554e-06,8.702316002249094512e-06,1.084810418959057784e-05,5.841272248185802185e-06,3.099446331599131347e-06,2.980236679670452869e-06,4.529963263197777188e-06,8.821526336306850368e-06,2.205396175372129996e-05,1.907366822937835084e-05,3.576342636894355872e-05,1.831818501654748101e-04,1.993555808432214121e-03,2.503593913979685476e-02,5.510609967278274901e-01,4.424162182003589905e+00,1.000247911701721648e+01,1.717249307601867869e+01,2.616780856063431671e+01,3.754125974218157324e+01,5.095769506916626312e+01,6.775794978381536282e+01,8.719226073173850011e+01,nan,nan,nan,nan,nan,nan,nan,nan,nan,nan,nan,nan
-0.000000000000000000e+00,-0.000000000000000000e+00,-0.000000000000000000e+00,-0.000000000000000000e+00,-0.000000000000000000e+00,-0.000000000000000000e+00,-0.000000000000000000e+00,-0.000000000000000000e+00,-0.000000000000000000e+00,1.192092966562091635e-07,2.384186075232764303e-07,1.192092966562091635e-07,1.192092966562091635e-07,1.192092966562091635e-07,3.576285081423305934e-06,5.078444685682500761e-05,1.175472679064755866e-04,1.411537605514668389e-04,1.706030452191440144e-04,1.559379084161063433e-04,8.881486463866189072e-05,4.696956313566835625e-05,2.980276648572862007e-05,3.588263992900916281e-05,6.330213628941794106e-05,4.887700317707945567e-05,6.020250335748459708e-05,2.048821510076124554e-04,1.504121346232281751e-03,1.211073424365802231e-02,1.646061889802833966e-01,2.570460174164196587e+00,7.660070604313445664e+00,1.402872553983453940e+01,2.204133987252359006e+01,3.239807892044616722e+01,4.496807102284512325e+01,6.021593476766370401e+01,7.881776434286881283e+01,1.006398725738165894e+02,nan,nan,nan,nan,nan,nan,nan,nan,nan,nan,nan
-0.000000000000000000e+00,-0.000000000000000000e+00,-0.000000000000000000e+00,-0.000000000000000000e+00,2.384186075232764303e-07,2.384188633191085691e-06,3.933914293006466893e-06,8.106264545126783288e-06,1.907366822937835084e-05,5.006915505055222924e-05,9.346445067350746282e-05,1.676223089427049710e-04,9.632574513266039075e-05,5.173817006107754346e-05,6.520960748451717665e-05,6.360049540991498558e-04,1.789381704362401999e-03,1.828553147143605583e-03,1.915739000446171816e-03,1.919680458330534981e-03,9.849151828708155483e-04,3.328877374010315933e-04,1.334040929376526354e-04,9.716029089208605180e-05,1.449690035919912342e-04,1.018099157299611119e-04,1.117053431186177081e-04,2.164478883336308404e-04,6.793660394285414190e-04,4.374102567433704562e-03,5.532353890128766105e-02,1.068948893267955835e+00,5.629820209287292876e+00,1.122889510456350592e+01,1.822140123905894882e+01,2.776571656971353264e+01,3.931434637511106445e+01,5.371973427996078243e+01,7.130201724767030669e+01,9.213944776054704278e+01,nan,nan,nan,nan,nan,nan,nan,nan,nan,nan,nan
-0.000000000000000000e+00,-0.000000000000000000e+00,1.192092966562091635e-07,3.814704541601117618e-06,9.489509687970817280e-05,9.477455884181342589e-04,3.155137295987492894e-03,3.274431451447863857e-03,4.697850065776376476e-03,7.341325294120325425e-03,1.187197308837237807e-02,2.439668951629152607e-02,2.237526342713858432e-02,1.122643318816000935e-02,4.382663432445109419e-03,4.422774755140510862e-03,1.350565189305622839e-02,1.572480300368948869e-02,2.157179450895034198e-02,2.036637073577285753e-02,1.113921535880339243e-02,2.786342276165711205e-03,9.677322772840154207e-04,4.105814656034729093e-04,2.042859826057777633e-04,1.627339206830538589e-04,1.505726681978951213e-04,2.073860621764764744e-04,3.424277012637208322e-04,1.993794702814678538e-03,1.827050667646811649e-02,2.996515418406641706e-01,3.454872453951476796e+00,8.366706730677488935e+00,1.482349438874969572e+01,2.369646068853839438e+01,3.445787048175536427e+01,4.800384903764473421e+01,6.474523165698745686e+01,8.481970213474176035e+01,nan,nan,nan,nan,nan,nan,nan,nan,nan,nan,nan
2.384188633191085691e-06,1.871603360333690827e-05,1.682184554872101045e-04,1.758451679719215659e-03,2.413232349807807944e-02,1.832458319568350258e-01,4.519503918682102328e-01,4.843697690182758864e-01,3.711446295023178021e-01,5.509785747033335568e-01,6.831214414616545438e-01,9.311324950969693814e-01,9.748346578802887796e-01,7.985755418504655312e-01,4.835640912240352085e-01,1.594053788135174898e-01,1.269506019532747332e-01,1.738305243249454457e-01,1.900675392907565098e-01,1.629393077254111255e-01,1.156762950498417541e-01,3.971231002618591521e-02,1.061227290616918728e-02,3.979364660942476088e-03,9.837219159984692506e-04,3.498212358562544999e-04,2.464955836866009552e-04,1.831818501654748101e-04,3.272830510723553736e-04,9.647491640318487478e-04,7.236194070773679064e-03,8.245484421308750533e-02,1.283528711884284412e+00,5.602716580070998376e+00,1.207925979267667138e+01,2.043420407163720043e+01,3.046832268929357213e+01,4.343883136523849942e+01,5.939761357744801984e+01,7.856484220751119096e+01,1.009763448104378085e+02,nan,nan,nan,nan,nan,nan,nan,nan,nan,nan
1.579746483236173574e-02,2.751162172144304072e-02,8.598152739118763987e-02,3.010102807873104580e-01,1.046370185439715605e+00,2.497730417474660847e+00,3.700661408897771842e+00,4.150551304449521695e+00,3.819679510416024826e+00,3.515541894226573483e+00,3.918087713419263984e+00,4.303992914584285678e+00,4.249094535814314177e+00,4.054898473772305501e+00,2.903430558695725416e+00,1.749762408913639655e+00,1.110247065147878409e+00,8.958540023833211352e-01,9.018655862262020539e-01,7.557608789257080906e-01,4.907789775590378767e-01,2.594133647652153152e-01,7.548324462698244308e-02,3.312903276377174300e-02,9.026673965049480247e-03,2.799731059784160443e-03,8.176927133891831933e-04,3.770108332133834312e-04,3.458859606394977309e-04,6.507964197815789987e-04,2.447797127219932325e-03,1.547282846522481624e-02,2.577774579521224796e-01,3.467982300520026318e+00,9.825470571421464072e+00,1.763069921840073206e+01,2.731085199721546530e+01,3.998804093305822960e+01,5.506660463903900649e+01,7.318743142610493635e+01,9.439778828411037637e+01,nan,nan,nan,nan,nan,nan,nan,nan,nan,nan
2.739626706810379897e+00,2.757879129968593634e+00,2.933739196329289811e+00,3.128663729582970010e+00,3.828216915258685571e+00,5.350088232471793326e+00,6.545211768908256289e+00,7.015626806503773238e+00,6.778421521831525354e+00,6.717465541228857084e+00,6.963306769014863562e+00,7.296812918545844795e+00,6.886085505837578502e+00,6.176664848872636782e+00,5.054805268764059889e+00,3.903927026014172963e+00,2.728179077716199608e+00,1.931975488987330181e+00,1.396058625967608657e+00,1.071747131149101362e+00,7.962462985063354370e-01,4.526459743945981384e-01,2.452821151958041457e-01,9.853143240886075294e-02,4.487626211253561287e-02,1.309201481406612952e-02,4.081700240222138794e-03,1.960947260785370072e-03,1.079665117696704648e-03,8.154258866447785864e-04,1.069342428338885230e-03,3.296796952412396620e-03,6.298549288788528322e-02,2.059306137423625671e+00,7.976541738636898415e+00,1.532650407602258014e+01,2.498225406841575236e+01,3.724690628944977533e+01,5.155498506338197018e+01,6.871868891181976835e+01,8.848385639387717561e+01,nan,nan,nan,nan,nan,nan,nan,nan,nan,nan
8.977390686680458032e+00,8.379814695065638475e+00,7.876562151548167634e+00,7.723892062157674765e+00,7.745938987898355776e+00,8.167855644130177950e+00,8.652487953107135255e+00,8.978828561328985103e+00,8.772974337831469072e+00,8.841132897230512100e+00,8.949125246718935500e+00,8.894277391759978002e+00,8.575157193706681724e+00,7.748271518055589446e+00,6.509251525309732500e+00,5.381164901459127847e+00,3.736708210628785665e+00,2.530618497646830001e+00,1.661169252582805012e+00,8.865738150615902757e-01,5.694038881056210366e-01,3.714405608715564133e-01,2.223061438542500989e-01,1.208070928596571142e-01,6.763486769540727472e-02,2.901938028518070978e-02,1.202054363101591125e-02,6.731225934168113927e-03,3.217742529380907164e-03,1.446159797764035417e-03,5.603810403740891498e-04,1.188149303130129611e-03,1.733804768839878815e-02,1.020719905133795402e+00,6.266392953215700778e+00,1.374331966631307722e+01,2.328166204934508343e+01,3.498340985880884091e+01,4.872431187391040908e+01,6.452779397409798889e+01,8.299239358864434735e+01,nan,nan,nan,nan,nan,nan,nan,nan,nan,nan
1.492675054236472398e+01,1.395984734447638154e+01,1.325407592783598076e+01,1.237628598402626423e+01,1.185700937061266202e+01,1.139044181176862836e+01,1.167962737308269716e+01,1.142735236849579294e+01,1.085046806032506694e+01,1.014045469492810625e+01,9.733930715073388029e+00,9.286647054979557225e+00,8.869944822896584924e+00,8.273386512819417504e+00,7.176374191076607900e+00,5.874364177861544967e+00,4.341139291756348051e+00,2.781992938188452058e+00,1.647740277561617228e+00,6.961590042985688065e-01,3.027386947496877867e-01,1.512327736783711241e-01,8.732494657895373269e-02,5.504230530243083008e-02,3.707810128132606881e-02,1.765685957577053239e-02,1.150688373150224493e-02,7.389361513438921260e-03,5.024098601951797714e-03,2.390497824956201549e-03,7.001227677108299826e-04,7.683605659660127122e-04,1.049167858928019836e-02,6.173999008980644021e-01,5.657002496253392465e+00,1.279227920081269687e+01,2.183781818016533194e+01,3.316460039380461211e+01,4.611429597420575277e+01,6.074671562775739631e+01,7.793252568391729085e+01,9.849980641032031770e+01,nan,nan,nan,nan,nan,nan,nan,nan,nan
2.099703982659315216e+01,1.921856692440341163e+01,1.836499793376111711e+01,1.713030626698671810e+01,1.595984662499908247e+01,1.504073352239249495e+01,1.439664139160040079e+01,1.396353617279985038e+01,1.277883432083993398e+01,1.123089968408457473e+01,1.015093325363357657e+01,9.357397523058589073e+00,8.854203931818672046e+00,8.309383554419401463e+00,7.334861578614691346e+00,6.098795136696242736e+00,4.616898691525837428e+00,2.852569890011205533e+00,1.492267164152793590e+00,5.685692529425949715e-01,1.475883202908358227e-01,4.416595850547840735e-02,1.983278174061227361e-02,1.056811755510724503e-02,5.628121955032087953e-03,3.319103150794543416e-03,3.643885131036985435e-03,5.137564839876961227e-03,4.368175857665472679e-03,3.084404675517405259e-03,1.153060721165927562e-03,7.496901462064160197e-04,8.982468284732649313e-03,4.109716769960525262e-01,5.006306180947399653e+00,1.201293598097694115e+01,2.071518322051202077e+01,3.098493008159849538e+01,4.342993934664765732e+01,5.740601361742223219e+01,7.393738559192445337e+01,9.336020897025512966e+01,nan,nan,nan,nan,nan,nan,nan,nan,nan
2.671039578820671778e+01,2.460227964706067993e+01,2.292282869487885222e+01,2.152568438528480144e+01,1.973149496335867781e+01,1.832992167456009014e+01,1.687187766463434713e+01,1.575697346388966658e+01,1.405556003560708866e+01,1.232465230902116282e+01,1.114739336440974782e+01,1.000556036504158541e+01,9.372020952934404292e+00,8.618240119872583094e+00,7.552037717132321859e+00,6.119672957523163426e+00,4.294227623106447567e+00,2.672052626286747223e+00,1.212252654698875665e+00,3.808190696364972538e-01,6.329887741923490019e-02,1.344753425097047761e-02,3.949802998753883937e-03,1.465559530054307480e-03,6.692264150108790484e-04,5.046210131487484938e-04,7.019121610104710803e-04,1.300106819547157009e-03,1.941597636301853639e-03,1.720954786045862314e-03,1.060153534394051023e-03,7.376410507950907159e-04,9.064024777203928337e-03,5.237431263608903764e-01,5.116449690974718578e+00,1.187649468905347128e+01,2.009637263125965134e+01,2.967142293068053860e+01,4.136144263002501020e+01,5.485085301031035954e+01,7.048753350996479128e+01,8.890721107080263153e+01,nan,nan,nan,nan,nan,nan,nan,nan,nan
3.151058196931586508e+01,2.866280363564550271e+01,2.657807920719820416e+01,2.472706220213943240e+01,2.251985166681102868e+01,2.050798803405275095e+01,1.895227053000035511e+01,1.742720989398162246e+01,1.558328067325824939e+01,1.390836618679877823e+01,1.247465424740232542e+01,1.102329754354422064e+01,9.751742487048389307e+00,8.612029698323572902e+00,7.397699157217108024e+00,5.672671268050859972e+00,3.649803802250203955e+00,1.989248954547504722e+00,8.002720525258669726e-01,1.872336276059967386e-01,2.652080894801366051e-02,4.215171146545884130e-03,8.155451931874300141e-04,2.264636864667340325e-04,1.165934819365240541e-04,8.738422713108969528e-05,9.477587628435032519e-05,1.784126163971206812e-04,4.072422403263931058e-04,6.608165692286131895e-04,6.063630382809150673e-04,5.552521807581221229e-04,8.995158422922712102e-03,5.861480578767757077e-01,5.427683731882368967e+00,1.188235783340991425e+01,1.965669257348438848e+01,2.896321863296178023e+01,3.959726713217762750e+01,5.261449427504419418e+01,6.787177278439727957e+01,8.487037664100617462e+01,nan,nan,nan,nan,nan,nan,nan,nan,nan
3.487704848703209848e+01,3.183212275758207355e+01,2.894837951010633503e+01,2.675589752560830092e+01,2.470573042444983614e+01,2.261175346623490867e+01,2.077699667765747904e+01,1.879918483259511319e+01,1.692385293571636851e+01,1.508057897775520040e+01,1.327913833229988505e+01,1.145183007498787653e+01,9.749463019061014535e+00,8.259671193326894922e+00,6.927355291037369689e+00,5.286233396421121000e+00,3.150453654343385423e+00,1.448317775392161000e+00,4.716490213151922628e-01,7.980775389941673070e-02,9.282503848535973365e-03,1.190655677526490088e-03,1.930780828009461773e-04,5.042680088973332459e-05,2.551111336955270520e-05,1.621259480231112366e-05,1.537811659467966521e-05,2.765693762535485414e-05,7.260109273198080419e-05,1.491419423346276613e-04,1.817510776466800353e-04,3.427854516790243881e-04,7.389601700333147359e-03,5.361598725785601260e-01,5.299821767711643261e+00,1.191340736268541534e+01,1.964499477151297668e+01,2.837373730635031777e+01,3.860474399800501288e+01,5.095236209052686149e+01,6.559479528119449299e+01,8.173557285440121234e+01,1.006398725738165894e+02,nan,nan,nan,nan,nan,nan,nan,nan
3.613020708551223947e+01,3.315774928200955429e+01,3.040207665517556990e+01,2.807868959936673292e+01,2.607537078707037637e+01,2.409966471921406139e+01,2.173837663362410311e+01,1.917486965025224421e+01,1.709684183361562049e+01,1.518448182850236172e+01,1.330624356949151377e+01,1.125621892209568209e+01,9.305473954213901777e+00,7.638480606784986193e+00,6.231805029356499048e+00,4.578788236877787021e+00,2.605039537260375848e+00,1.058404725425808435e+00,2.268359235409361796e-01,2.664004642814302160e-02,2.505757008720748465e-03,2.755902442997354256e-04,5.233424752563583610e-05,1.311310782700857238e-05,5.126012588663674936e-06,2.980236679670452869e-06,2.622607809150041242e-06,4.053124058622782691e-06,1.037126197226949098e-05,2.396135427066339976e-05,5.102287757261428884e-05,1.916472961228337768e-04,4.936880932411342841e-03,4.026155400132441220e-01,4.996181769358826408e+00,1.157542041689099577e+01,1.919384005578719510e+01,2.788159754087167386e+01,3.794776150379978219e+01,4.980353924144778688e+01,6.388649752540063531e+01,7.936243441103444241e+01,9.727011671798925363e+01,nan,nan,nan,nan,nan,nan,nan,nan
3.654877857010697539e+01,3.397696307848649155e+01,3.116277314486901773e+01,2.854831315285750293e+01,2.607229236743282641e+01,2.365418814597873265e+01,2.117281911818346885e+01,1.851348306352682727e+01,1.645808424584251384e+01,1.468826344079684532e+01,1.298988108533331953e+01,1.096659021390708411e+01,9.045057404162593073e+00,7.288095422741327489e+00,5.536472395882224617e+00,3.715321172017382878e+00,1.924081721048491067e+00,4.925466259686959725e-01,7.492906511686239779e-02,8.303990915775591453e-03,6.915337244431138224e-04,6.425587143216176947e-05,1.144415728099313309e-05,2.861027041952714234e-06,9.536747711538899365e-07,4.768372718899988264e-07,3.576279326012052150e-07,5.960466253896608114e-07,1.549721964978620376e-06,4.887592815844338847e-06,2.157711419294557959e-05,1.400807260689671029e-04,2.909358468371954411e-03,2.502835950586863034e-01,4.649627495362231855e+00,1.129197090379206614e+01,1.876095960123652873e+01,2.740804480993794456e+01,3.732059866041133489e+01,4.880854801495731010e+01,6.220579147445301516e+01,7.755844117915603420e+01,9.497889819165227721e+01,nan,nan,nan,nan,nan,nan,nan,nan
3.630149463680352540e+01,3.341742329007027479e+01,3.025867465063442197e+01,2.710451125486368795e+01,2.433420379678242185e+01,2.179236798923064100e+01,1.937645727151076613e+01,1.728845030836320973e+01,1.541875384674016125e+01,1.365563319149645061e+01,1.190567348586975349e+01,1.013626629240696708e+01,8.412969123516310432e+00,6.615403716491647046e+00,4.745788929307439119e+00,2.849134531584325725e+00,1.129549462641210589e+00,1.988852834042305340e-01,2.562502388630229569e-02,2.546032141664008805e-03,2.137054849103465375e-04,1.811997617749552404e-05,2.384188633191085691e-06,5.960466253896608114e-07,1.192092966562091635e-07,1.192092966562091635e-07,1.192092966562091635e-07,1.192092966562091635e-07,3.576279326012052150e-07,1.788140941984780034e-06,1.013284094887585715e-05,7.725060337993484990e-05,2.015235706058556009e-03,2.048132966595007376e-01,4.280268293964702764e+00,1.082843742901169115e+01,1.826779186359230422e+01,2.679529194153439065e+01,3.644797515913830921e+01,4.776499928731877276e+01,6.092839428999058526e+01,7.593289953935884284e+01,9.321107263515990837e+01,nan,nan,nan,nan,nan,nan,nan,nan
3.373025517734128442e+01,3.061624911577392183e+01,2.781984901749588701e+01,2.470310215132984055e+01,2.185400018962830515e+01,1.946661183332524203e+01,1.733191681025515507e+01,1.551251813575375671e+01,1.364875806251866663e+01,1.219653774652431188e+01,1.050949059789157403e+01,9.000475920808611363e+00,7.388303537045089797e+00,5.874082973015796405e+00,3.800596394241523956e+00,1.842135881146085952e+00,5.120043642752581947e-01,8.251413649115303672e-02,8.497536996124972417e-03,7.750414398291109253e-04,6.747473425442413267e-05,5.602852304834379923e-06,5.960466253896608114e-07,1.192092966562091635e-07,-0.000000000000000000e+00,-0.000000000000000000e+00,-0.000000000000000000e+00,-0.000000000000000000e+00,1.192092966562091635e-07,8.344653750216029254e-07,5.602852304834379923e-06,5.912955573491289083e-05,2.161930778633453128e-03,1.996607082598870764e-01,4.224048174041964643e+00,1.058140358399381675e+01,1.792762380159105362e+01,2.636323547705249126e+01,3.590314487411465905e+01,4.684951019346041790e+01,5.969557576644373142e+01,7.471305073786233208e+01,9.194338621607917617e+01,nan,nan,nan,nan,nan,nan,nan,nan
3.133389666855796563e+01,2.782786562855055124e+01,2.432582860380947309e+01,2.107874681123580274e+01,1.873303989207034448e+01,1.659437763822696610e+01,1.475931779090987384e+01,1.323682013363859689e+01,1.177139720883752538e+01,1.021479780155643269e+01,8.985699861805457545e+00,7.682484708428559017e+00,6.214939307358962495e+00,4.676153079732940476e+00,2.684363786285109299e+00,1.018461821603071193e+00,1.988833199615694658e-01,2.836445752863779243e-02,2.601009718893714569e-03,2.246751437284316894e-04,1.907366822937835084e-05,1.668931446376249025e-06,2.384186075232764303e-07,-0.000000000000000000e+00,-0.000000000000000000e+00,-0.000000000000000000e+00,-0.000000000000000000e+00,-0.000000000000000000e+00,-0.000000000000000000e+00,4.768372718899988264e-07,4.410753440737562261e-06,7.105126065330576418e-05,3.715494908392587021e-03,3.361922889518506596e-01,4.549079810366627896e+00,1.058508377025694358e+01,1.755093764298657888e+01,2.593826674994862813e+01,3.556613922431326102e+01,4.657919314291518731e+01,5.924205784124900731e+01,7.412490081228871475e+01,9.136213393439230401e+01,nan,nan,nan,nan,nan,nan,nan,nan
2.879415900612359280e+01,2.459257507028554102e+01,2.089386373550527054e+01,1.752930643411871969e+01,1.498136752392874804e+01,1.309453408918957251e+01,1.165435522612179220e+01,1.029844067561018583e+01,9.117256789342656376e+00,7.794742832791137666e+00,6.892926838490240904e+00,5.817814921167321351e+00,4.505504402125415808e+00,3.324862428296019079e+00,1.612413088986154985e+00,4.576783181095382402e-01,6.135723375494218923e-02,7.997279074011737210e-03,7.697921780363639090e-04,6.592491012071738431e-05,5.960482241178043146e-06,5.960466253896608114e-07,1.192092966562091635e-07,-0.000000000000000000e+00,-0.000000000000000000e+00,-0.000000000000000000e+00,-0.000000000000000000e+00,-0.000000000000000000e+00,-0.000000000000000000e+00,3.576279326012052150e-07,6.556532419304675846e-06,1.818703086117247358e-04,9.854733744822662816e-03,7.753505894953388600e-01,5.332931373472789893e+00,1.106952211827518084e+01,1.820990186178078218e+01,2.636087795900858310e+01,3.592273334600052692e+01,4.711241912692084099e+01,5.994854357262710920e+01,7.496994785106836900e+01,9.262235313436924855e+01,nan,nan,nan,nan,nan,nan,nan,nan
2.456478121147181071e+01,2.012275884848757457e+01,1.660214824817952461e+01,1.356187951771430633e+01,1.118166028743196705e+01,9.565356707698754235e+00,8.182774960100827499e+00,6.851683614635901698e+00,5.836505216671774576e+00,5.125531923523943156e+00,4.658429259600345596e+00,3.584390290845144378e+00,2.600637682074694368e+00,1.821154042271111440e+00,7.349010782698256472e-01,1.441928832743067657e-01,1.793584269564289443e-02,1.980356982482521511e-03,2.219327177426321624e-04,2.336529371830241365e-05,2.503398214065100533e-06,3.576279326012052150e-07,-0.000000000000000000e+00,-0.000000000000000000e+00,-0.000000000000000000e+00,-0.000000000000000000e+00,-0.000000000000000000e+00,-0.000000000000000000e+00,-0.000000000000000000e+00,7.152559931001943464e-07,1.907366822937835084e-05,6.245536470545922205e-04,3.702342193547041027e-02,1.739171552465216708e+00,6.690154388572556954e+00,1.251360544031078526e+01,1.976780136665778898e+01,2.791468426309682371e+01,3.742417148957240158e+01,4.887863538664029761e+01,6.227937327312642424e+01,7.753994763775232002e+01,9.502440102149211043e+01,nan,nan,nan,nan,nan,nan,nan,nan
1.964146043331562197e+01,1.533421733630114403e+01,1.169744760609171585e+01,8.876705491975110718e+00,7.025635092991914910e+00,5.724315559097366446e+00,4.485610649839776087e+00,3.313951361266381568e+00,2.577110597476538256e+00,2.318148000211043502e+00,2.136776204454538419e+00,1.631673450075532106e+00,1.054166354411916862e+00,5.606274177531694880e-01,1.488824080190820076e-01,2.276044084426324943e-02,3.382675555763322000e-03,4.431394964203188062e-04,6.151388534845472419e-05,8.463895376766887254e-06,1.192093606051113019e-06,2.384186075232764303e-07,-0.000000000000000000e+00,-0.000000000000000000e+00,-0.000000000000000000e+00,-0.000000000000000000e+00,-0.000000000000000000e+00,-0.000000000000000000e+00,1.192092966562091635e-07,2.503398214065100533e-06,7.498545446636188335e-05,3.173194945812364033e-03,1.884180839024243159e-01,3.296435706875280314e+00,8.680837106785784130e+00,1.479489298299171551e+01,2.180659106002727299e+01,3.011930661429143541e+01,3.975894166575347555e+01,5.141149903945132138e+01,6.491546630432594611e+01,8.040882876374780608e+01,9.780665922976037052e+01,nan,nan,nan,nan,nan,nan,nan,nan
1.511874411106998650e+01,1.057738375084428384e+01,6.926694122924738295e+00,4.506677080649907019e+00,3.107018166392849334e+00,1.922752815843113083e+00,1.121186401682162881e+00,6.669003800561820183e-01,5.213458131854228350e-01,4.885344063845692975e-01,4.252766409739744402e-01,3.178017869101210091e-01,2.097942745807560294e-01,9.283106165034488155e-02,1.935617374111538516e-02,3.129606009801524230e-03,6.160248941982656270e-04,1.123014563293389206e-04,1.835839910519794556e-05,3.099446331599131347e-06,4.768372718899988264e-07,1.192092966562091635e-07,-0.000000000000000000e+00,-0.000000000000000000e+00,-0.000000000000000000e+00,-0.000000000000000000e+00,-0.000000000000000000e+00,1.192092966562091635e-07,8.344653750216029254e-07,1.668943980503510878e-05,6.302792841853168543e-04,2.710354270697951096e-02,1.188515471195016326e+00,5.799736225195894157e+00,1.146832175868655845e+01,1.795846171725068530e+01,2.511959075384421425e+01,3.349779896763548948e+01,4.333169185139401236e+01,5.476734159327317286e+01,6.837283326769417613e+01,8.374215704370318747e+01,1.006398725738165894e+02,nan,nan,nan,nan,nan,nan,nan,nan
1.072831628768914136e+01,6.085377866023499394e+00,3.050193639491739273e+00,1.275591507532373159e+00,5.165551711256919365e-01,1.651437555696333159e-01,6.083305862891578292e-02,3.716977630469101013e-02,3.204555042902544615e-02,3.458506820360398443e-02,3.871504077991668596e-02,4.070008313438892855e-02,2.754997574328355708e-02,1.097607153661580952e-02,2.566050800847752104e-03,5.159516760636159586e-04,1.232700028301248916e-04,2.169632606182230096e-05,5.126012588663674936e-06,1.072884181497058874e-06,2.384186075232764303e-07,-0.000000000000000000e+00,-0.000000000000000000e+00,-0.000000000000000000e+00,-0.000000000000000000e+00,-0.000000000000000000e+00,1.192092966562091635e-07,5.960466253896608114e-07,6.914162696713121280e-06,1.905742074576903717e-04,8.257894003530330540e-03,3.682089002536110267e-01,3.951375900616877157e+00,9.347571663071287063e+00,1.534761188205450821e+01,2.205941966902095075e+01,2.964133261181116907e+01,3.799799354016160891e+01,4.770804970417083979e+01,5.903041075319775643e+01,7.233676146681737862e+01,8.762787619185569099e+01,nan,nan,nan,nan,nan,nan,nan,nan,nan
6.147793328862411144e+00,2.368908417972785951e+00,3.908862375689958757e-01,5.658852444743970450e-02,1.479489513796085516e-02,5.699814023959832478e-03,2.651866668971547547e-03,2.171309004918832442e-03,3.772750524671156409e-03,6.427695526433856339e-03,9.338875826840651456e-03,1.211489708370436930e-02,1.045632227335403786e-02,4.919210696686045041e-03,1.492361625502232900e-03,3.590036049206552795e-04,6.938221340865798102e-05,1.323231868687948590e-05,3.337865678089319263e-06,8.344653750216029254e-07,2.384186075232764303e-07,-0.000000000000000000e+00,-0.000000000000000000e+00,-0.000000000000000000e+00,-0.000000000000000000e+00,1.192092966562091635e-07,9.536747711538899365e-07,7.629423635228487600e-06,1.269659532071070926e-04,3.673856519131764135e-03,1.704535225209270199e-01,2.664495934471996286e+00,7.672728267985054806e+00,1.357996121531674483e+01,1.990601386982806531e+01,2.680627825622992333e+01,3.445643995289888295e+01,4.283740611767956352e+01,5.274762729237897219e+01,6.402226256326996179e+01,7.712852477820274544e+01,9.238408125297459605e+01,nan,nan,nan,nan,nan,nan,nan,nan,nan
2.632070159747356808e+00,2.774004591762632144e-01,1.824209776663080623e-02,2.419535434338465369e-03,4.511300908943524277e-04,1.817510776466800353e-04,2.972925505462426540e-04,9.485808450292501073e-04,2.875106084188962761e-03,6.817760075631501028e-03,9.894162205512674335e-03,1.753401761689162008e-02,1.747427031641307638e-02,9.007668290231073474e-03,4.115814427352297404e-03,1.207126294125878156e-03,2.681972585142074032e-04,5.436091356284456953e-05,1.025205145346710017e-05,2.622607809150041242e-06,7.152559931001943464e-07,1.192092966562091635e-07,-0.000000000000000000e+00,-0.000000000000000000e+00,1.192092966562091635e-07,1.549721964978620376e-06,1.609338358715842207e-05,2.123939033229963846e-04,4.519467616866832023e-03,1.417251889217664707e-01,2.191110695119192986e+00,6.715356295924917340e+00,1.211716899435473316e+01,1.836745573154645683e+01,2.494936779898747758e+01,3.208414460641373722e+01,3.975561907536165762e+01,4.827046204777897742e+01,5.823717120743883413e+01,6.980411524513864663e+01,8.330397039580711294e+01,9.840373258023069525e+01,nan,nan,nan,nan,nan,nan,nan,nan,nan
9.132436063664315373e-01,3.371433662494509320e-02,2.000364320697058454e-03,2.358833976775358580e-04,1.241045710760788577e-04,3.111846586515124480e-04,9.957143128190289010e-04,2.684916108814938262e-03,6.499924889969188428e-03,9.474193576015622897e-03,1.668278873612592111e-02,2.722346219080553492e-02,3.266507609585100891e-02,2.581999468013609217e-02,1.363464646153664771e-02,5.105572527614886738e-03,1.499107032156411171e-03,2.982465088800853180e-04,5.293032534550269153e-05,1.347074044925500702e-05,4.172333838450067554e-06,1.192093606051113019e-06,4.768372718899988264e-07,3.576279326012052150e-07,2.145769514075819627e-06,2.706087487019899607e-05,3.973438880561192357e-04,7.938759719409445303e-03,1.793652252943043202e-01,2.134057392049391488e+00,6.423722168285112666e+00,1.134752327120198245e+01,1.699920684012114336e+01,2.345595451624776473e+01,3.034505103585464170e+01,3.754466241678218807e+01,4.534746556006124507e+01,5.424295804297014456e+01,6.449443815163000693e+01,7.616901389596124261e+01,8.984379582185032120e+01,nan,nan,nan,nan,nan,nan,nan,nan,nan,nan
1.541267488487291226e-01,6.986589217130616085e-03,3.040102175770010347e-03,3.962429431760696591e-03,5.552239461374661178e-03,7.629156800397622964e-03,1.449592271356584493e-02,1.983381531685324967e-02,2.171840212799122649e-02,3.607480307406497194e-02,6.487242646678140212e-02,8.676312736760734279e-02,9.150713997487092133e-02,8.434460455544592894e-02,6.273147969065454022e-02,3.002649274461567999e-02,7.684294425846686406e-03,1.816550758488979199e-03,3.724791823150653300e-04,1.195740661131413735e-04,3.957826734014947492e-05,1.478206115842458566e-05,7.271793102021027756e-06,8.583105682402442400e-06,4.661191853295160165e-05,5.862046518099688465e-04,1.154173454229963543e-02,2.651698412220563905e-01,2.323179819038589500e+00,6.346688581364896109e+00,1.098907013659486331e+01,1.641290304015645063e+01,2.244681172121286750e+01,2.892278348944254418e+01,3.612292495115082147e+01,4.364861306183998124e+01,5.187895201916813903e+01,6.101855852170346139e+01,7.149470523077219752e+01,8.318919375433090124e+01,9.673645794292504263e+01,nan,nan,nan,nan,nan,nan,nan,nan,nan,nan
4.915242288328601772e-01,2.920334461784249158e-01,2.954751895219432378e-01,3.414753927041366821e-01,2.379403973547727091e-01,1.902263480194573142e-01,1.570411883799930353e-01,1.238030915473388172e-01,1.459380936754766100e-01,3.028813445227107048e-01,3.966758626052342418e-01,3.638882982824268586e-01,3.254409055555630981e-01,3.507315125270137335e-01,2.701998786439573363e-01,1.248012572503167800e-01,3.738371738163064062e-02,1.119225639425398995e-02,3.630724326282299460e-03,1.137903789336802522e-03,4.264429379443791953e-04,1.702453563968541069e-04,1.221969875373319996e-04,2.550808053365079069e-04,1.579339074728163461e-03,1.855154341062015960e-02,3.527677708514200816e-01,2.748916154082823304e+00,6.522189361425446918e+00,1.088462326834003768e+01,1.593554145416460521e+01,2.154306978385605831e+01,2.802640689832262666e+01,3.498479504697318987e+01,4.250458540153992004e+01,5.054804606812604106e+01,5.932719421824163675e+01,6.888305666135062211e+01,7.954413615388112646e+01,9.144554544649589900e+01,nan,nan,nan,nan,nan,nan,nan,nan,nan,nan,nan
5.683134605306031872e+00,4.345098649392240553e+00,3.542815220850642710e+00,2.791997098430516022e+00,2.044345749474876239e+00,1.296251888185746770e+00,8.528471829429484785e-01,6.668611318839458013e-01,1.003937403529399530e+00,1.233868354998044037e+00,1.182361487399696154e+00,1.093872156607757162e+00,1.266450441071332200e+00,1.254244883784431552e+00,9.501516946381516338e-01,4.800057430939776992e-01,1.822007097185100177e-01,7.027706460410629297e-02,2.473468392375622812e-02,9.822951323424446851e-03,4.463127171839650041e-03,2.574118135001706234e-03,2.692625809767330586e-03,8.513948060464918144e-03,6.210687660971710156e-02,5.812771006818399089e-01,3.177004088074624644e+00,6.938200211198706668e+00,1.090650788222557210e+01,1.555749259308998056e+01,2.093835627295167257e+01,2.692818704207466496e+01,3.360740053736962807e+01,4.117658833086822057e+01,4.942149355082998596e+01,5.798600768943717298e+01,6.733239744078899491e+01,7.787578588103602328e+01,8.939885707461203879e+01,1.016694919909977557e+02,nan,nan,nan,nan,nan,nan,nan,nan,nan,nan,nan
1.132873161281177943e+01,9.544498314307217512e+00,7.835602162153574746e+00,6.764544668547275208e+00,5.560276847470482231e+00,3.895065833432610702e+00,2.911440349907282066e+00,2.656373908466462375e+00,2.623351674000363509e+00,2.340682639241964402e+00,2.143561106097402469e+00,2.496914615642092716e+00,2.846430113768222636e+00,2.786415108939748198e+00,2.221751299932564372e+00,1.303233944046731319e+00,7.274592540721095402e-01,3.440326017844074769e-01,1.507905762222753465e-01,8.522052896353200790e-02,5.631424956584642899e-02,4.374174948683352132e-02,8.095655138155510855e-02,3.531205040025259256e-01,1.548687119050798477e+00,4.054601564526600477e+00,7.686412597895333931e+00,1.142147948740102059e+01,1.555901118406147177e+01,2.045662042357394483e+01,2.583831335128948226e+01,3.229423656136319920e+01,3.956230434388638173e+01,4.773769491840850776e+01,5.659242626417593414e+01,6.578864288900506097e+01,7.585812379378479875e+01,8.716154480485609213e+01,9.956535783672754292e+01,nan,nan,nan,nan,nan,nan,nan,nan,nan,nan,nan,nan
1.753832286789123174e+01,1.596982638102995011e+01,1.409191765095175164e+01,1.233274071624875212e+01,1.021971390136065594e+01,8.059281832357104491e+00,6.502969249249844985e+00,5.435488273017091920e+00,4.861317821263005712e+00,4.439304394652604735e+00,4.643005113022471875e+00,4.648818418513855022e+00,4.400140067788149700e+00,4.239107636502034815e+00,3.602311557014774124e+00,2.894062499889315188e+00,2.072924669996824676e+00,1.444594245065409011e+00,9.841223821471595246e-01,8.722865072485337379e-01,7.393070446439690135e-01,8.696477472262303943e-01,1.721063546650499987e+00,3.255065196951962836e+00,5.594666985837108975e+00,8.747135013792181724e+00,1.226833652741705727e+01,1.597240452075431527e+01,2.020840339162912258e+01,2.534487939726360395e+01,3.122516023827757436e+01,3.786061232601730353e+01,4.565288348537074370e+01,5.428316171627012920e+01,6.360456846369431361e+01,7.347621153141808747e+01,8.432619481988277244e+01,9.671085199201986882e+01,nan,nan,nan,nan,nan,nan,nan,nan,nan,nan,nan,nan,nan
2.645574663553580308e+01,2.469627293496683151e+01,2.191295752643453554e+01,1.942237601470300845e+01,1.685280286980762554e+01,1.416104992330748580e+01,1.184496273882377437e+01,1.014818076562682059e+01,9.400951944973293450e+00,8.937204124539603001e+00,8.570737102086766868e+00,7.603298313166694022e+00,6.496102700043329570e+00,5.883673947249962843e+00,5.298678062043469694e+00,4.950731743429961362e+00,4.333884131387886640e+00,3.791525232548301982e+00,3.394128600025476228e+00,3.487944838376370260e+00,3.561757490532419190e+00,4.155580722793193793e+00,5.420350430034591938e+00,7.465153628742008607e+00,9.937646744104537078e+00,1.318513258251685372e+01,1.672637510145549555e+01,2.067101388662283412e+01,2.523339330628509813e+01,3.046616398835254103e+01,3.673405668266565982e+01,4.368393638860662520e+01,5.158861759900872102e+01,6.072464068084779854e+01,7.086260226844682109e+01,8.181941227870892419e+01,9.362358324872697324e+01,nan,nan,nan,nan,nan,nan,nan,nan,nan,nan,nan,nan,nan,nan
3.727919184406142250e+01,3.390582334131111253e+01,2.996552438289529974e+01,2.660077714954566375e+01,2.360799983161085080e+01,2.098398528330798740e+01,1.879403653698500065e+01,1.705548565373250369e+01,1.542157552279245536e+01,1.446053374915178757e+01,1.346228263528056068e+01,1.179916735430845875e+01,9.768052488671653322e+00,8.194076069410369811e+00,7.709218938068893578e+00,7.666655564094876141e+00,7.125890136166662003e+00,6.826504853400515493e+00,6.838015943036444888e+00,6.937836034778745997e+00,7.320374737892350936e+00,8.220163707326157976e+00,9.636269706166574522e+00,1.167996320412447631e+01,1.416537303238567880e+01,1.766538498695047110e+01,2.124605012663226233e+01,2.533817563710431386e+01,3.008979093785200121e+01,3.577853985135460135e+01,4.230369129957868068e+01,4.958413478448777312e+01,5.782427811563558606e+01,6.723487962615101310e+01,7.804239662217035800e+01,9.004464776276506655e+01,1.032789299034318447e+02,nan,nan,nan,nan,nan,nan,nan,nan,nan,nan,nan,nan,nan,nan
4.853300895631347345e+01,4.368616143220449288e+01,3.920634506712909939e+01,3.542063199266691242e+01,3.263462497699764953e+01,2.997000360884269554e+01,2.709869851085066728e+01,2.482908047419530817e+01,2.289112483995238634e+01,2.098159075322639211e+01,1.920480288086634246e+01,1.696703607137628822e+01,1.381538392137056093e+01,1.158611129626319958e+01,1.099044599642096998e+01,1.076422896414673858e+01,1.062079316186600053e+01,1.056579259814567529e+01,1.095056694893076177e+01,1.111720167594437036e+01,1.164113214256315665e+01,1.275186346674632887e+01,1.440744937784264224e+01,1.635148630943606918e+01,1.893503724726156534e+01,2.224872341597956549e+01,2.583361404543237327e+01,3.007006635514350634e+01,3.507080405127646827e+01,4.101271728469624378e+01,4.793607649064767884e+01,5.567831831477099769e+01,6.432436228511780030e+01,7.394651981797947826e+01,8.537342074661179936e+01,9.792234362875983322e+01,nan,nan,nan,nan,nan,nan,nan,nan,nan,nan,nan,nan,nan,nan,nan
6.084257126413793770e+01,5.567622380259453507e+01,5.039759829703488947e+01,4.605875011425303001e+01,4.279312511757275672e+01,3.941368491051363065e+01,3.647834017014363894e+01,3.344403840932763217e+01,3.065390604167340527e+01,2.811471426674120977e+01,2.510235600129565725e+01,2.197095298863825974e+01,1.873025531317360404e+01,1.605626708415461934e+01,1.488105428672226083e+01,1.474627229880766954e+01,1.486171515958988465e+01,1.527900910705784199e+01,1.569749380098199865e+01,1.604136080789121976e+01,1.688280341501009119e+01,1.794487698278429377e+01,1.954836460927088737e+01,2.145333386971070055e+01,2.402713426309695421e+01,2.665713717838916352e+01,3.028475132643002965e+01,3.464401253024113458e+01,3.961766517046009994e+01,4.586368802412004442e+01,5.320498235222018479e+01,6.165661133947928363e+01,7.071141555668775425e+01,8.079854016722410393e+01,9.266107198388425559e+01,nan,nan,nan,nan,nan,nan,nan,nan,nan,nan,nan,nan,nan,nan,nan,nan
7.469486240349921502e+01,6.783713534690936342e+01,6.173285296243655296e+01,5.693892287606099956e+01,5.269448471228547248e+01,4.850607689967117864e+01,4.445392228410146629e+01,4.073958216099917706e+01,3.732279225523706856e+01,3.434766551429018477e+01,3.083273318840994648e+01,2.730892939970817679e+01,2.405613960582405042e+01,2.129780176907990352e+01,2.023452820911840178e+01,2.004079497960097100e+01,2.024107620637952820e+01,2.080970538856017171e+01,2.119546078717601034e+01,2.154822179419170780e+01,2.238021060881108681e+01,2.331804420152432655e+01,2.456447466560805282e+01,2.643173788707143501e+01,2.883994164922907188e+01,3.135483255689746329e+01,3.468855776130819635e+01,3.904716240052554355e+01,4.409553787820566129e+01,5.067901948518824184e+01,5.831397271243736213e+01,6.697197390790257998e+01,7.664848717761175578e+01,8.759357631721425719e+01,1.001434356875027021e+02,nan,nan,nan,nan,nan,nan,nan,nan,nan,nan,nan,nan,nan,nan,nan,nan
8.754172519403016395e+01,8.048271942402411128e+01,7.355464934131623522e+01,6.706201932313302905e+01,6.158068084314784585e+01,5.677103810399301409e+01,5.241092685496140291e+01,4.849275206805813099e+01,4.439490711358624253e+01,4.053702579401950601e+01,3.657248343011448100e+01,3.270823044012867342e+01,2.985952110994780284e+01,2.861572122879819347e+01,2.759502870332861946e+01,2.689019457362930865e+01,2.649218339522781207e+01,2.685269843655859034e+01,2.718797137132234454e+01,2.744810644555821355e+01,2.828286515739871732e+01,2.914023440257313879e+01,3.013861023859704247e+01,3.124706100675327036e+01,3.332879827666203454e+01,3.611822777091393988e+01,3.935897793532915045e+01,4.366379988408694857e+01,4.906795515671687014e+01,5.554489325461317151e+01,6.307335000455446306e+01,7.177378632863124608e+01,8.209327890420199481e+01,9.383517886778568595e+01,nan,nan,nan,nan,nan,nan,nan,nan,nan,nan,nan,nan,nan,nan,nan,nan,nan
1.010817053260956300e+02,9.265721238996830778e+01,8.483290871775133724e+01,7.768270108465088697e+01,7.177783211462393353e+01,6.595460512267335673e+01,6.155631252737865111e+01,5.696673801307243679e+01,5.228045696101025186e+01,4.714891805610535869e+01,4.295002760841853018e+01,4.040352186374754240e+01,3.888628510370274682e+01,3.762491477623257907e+01,3.621513486933256587e+01,3.460633209455442483e+01,3.350546778951878935e+01,3.337589910464341614e+01,3.360083161957068398e+01,3.392371919181113782e+01,3.466309433029825726e+01,3.533681558805194811e+01,3.576723494180121321e+01,3.631990929352731001e+01,3.791178121636133369e+01,4.034805269670450656e+01,4.349302188298342031e+01,4.774016874833964863e+01,5.325094713168036975e+01,5.967985879919405789e+01,6.735913573425628442e+01,7.648777229536300126e+01,8.733606862280815619e+01,9.969541096497573562e+01,nan,nan,nan,nan,nan,nan,nan,nan,nan,nan,nan,nan,nan,nan,nan,nan,nan
nan,nan,9.795105373464227227e+01,9.050112940379723625e+01,8.360361484590021064e+01,7.699922939106333786e+01,7.142360938598261555e+01,6.605396547080152914e+01,5.999647173884171991e+01,5.518894531714484941e+01,5.347747452149585001e+01,5.175260060311403976e+01,4.993500475035144603e+01,4.759677326938354014e+01,4.515764814565302743e+01,4.311199551959081333e+01,4.154067806320209399e+01,4.064025323783646115e+01,4.056805891695982780e+01,4.081845107676257101e+01,4.132836576152610064e+01,4.172525952662350335e+01,4.195776794515873576e+01,4.209055973180700505e+01,4.280358919775500226e+01,4.479725348660660700e+01,4.758871188074787284e+01,5.132718079670097922e+01,5.655471001114596419e+01,6.351652913008616252e+01,7.173645787721549993e+01,8.135893775548609597e+01,9.254270715612872777e+01,nan,nan,nan,nan,nan,nan,nan,nan,nan,nan,nan,nan,nan,nan,nan,nan,nan,nan
nan,nan,nan,1.032789299034318447e+02,9.499695284456409183e+01,8.762588663937449951e+01,8.084756367077312689e+01,7.457814837535151753e+01,7.050909889981625156e+01,6.837446647066145999e+01,6.619556157687115672e+01,6.391450663186627423e+01,6.131667352173140273e+01,5.827035719366565303e+01,5.517704610334435245e+01,5.244559422176654806e+01,5.004170790258348234e+01,4.837810394116910118e+01,4.808436646950180915e+01,4.860644689540644237e+01,4.877600548665716929e+01,4.908608286559564249e+01,4.920485468094422998e+01,4.900274888971289755e+01,4.864550934614712219e+01,4.875124305201106978e+01,5.048473743274341530e+01,5.409864879558799799e+01,5.954970781234423782e+01,6.680421908498968264e+01,7.587913315169774364e+01,8.634126563271115629e+01,9.780246635150034251e+01,nan,nan,nan,nan,nan,nan,nan,nan,nan,nan,nan,nan,nan,nan,nan,nan,nan,nan
nan,nan,nan,nan,nan,9.887221065616759574e+01,9.141151688511833129e+01,8.744534748434151084e+01,8.534413121027837690e+01,8.245269976345335294e+01,7.938824467251082240e+01,7.663426976553841996e+01,7.308055118115743198e+01,6.959169785166051270e+01,6.578530315013746588e+01,6.221459541318378683e+01,5.905904661555978663e+01,5.651832480592290153e+01,5.608415183118709990e+01,5.668249907829607537e+01,5.694937313627785613e+01,5.685928869586606993e+01,5.658997606675701775e+01,5.605289017174895605e+01,5.513554272744716656e+01,5.411233680302265014e+01,5.347751537568206714e+01,5.636198382588312228e+01,6.229702138775959241e+01,7.002122511742443578e+01,7.969586197165851615e+01,9.077975490176436324e+01,1.032789299034318447e+02,nan,nan,nan,nan,nan,nan,nan,nan,nan,nan,nan,nan,nan,nan,nan,nan,nan,nan
nan,nan,nan,nan,nan,nan,nan,1.032789299034318447e+02,1.004457165593756400e+02,9.704451917771348235e+01,9.390265145391224166e+01,9.010368379546315509e+01,8.540234377640778973e+01,8.136523433294065910e+01,7.691887210640008732e+01,7.279244470209772544e+01,6.888665143904879073e+01,6.525858057084465713e+01,6.461419822620366915e+01,6.494464585044566718e+01,6.516453883974583050e+01,6.461795699225977785e+01,6.356119072128136338e+01,6.253523264514025470e+01,6.144881752135982822e+01,6.007483376735482494e+01,5.844486323276861839e+01,5.845603904652073624e+01,6.470234176450557584e+01,7.285108201066556433e+01,8.301094822148137098e+01,9.482148671642138993e+01,nan,nan,nan,nan,nan,nan,nan,nan,nan,nan,nan,nan,nan,nan,nan,nan,nan,nan,nan
nan,nan,nan,nan,nan,nan,nan,nan,nan,nan,nan,1.032789299034318447e+02,9.845864833782681558e+01,9.372004757074712700e+01,8.856686489909026250e+01,8.355870398426976919e+01,7.824563762762582542e+01,7.413315511086216247e+01,7.338744495788719746e+01,7.294835742889911501e+01,7.254863736147468956e+01,7.161211262118443699e+01,7.029375029484307902e+01,6.902477579835941413e+01,6.747868978054347622e+01,6.595866115751512382e+01,6.391235813481338113e+01,6.269846773985485555e+01,6.749518282756588405e+01,7.579725748758960435e+01,8.622840123123279454e+01,9.884811310458853484e+01,nan,nan,nan,nan,nan,nan,nan,nan,nan,nan,nan,nan,nan,nan,nan,nan,nan,nan,nan
nan,nan,nan,nan,nan,nan,nan,nan,nan,nan,nan,nan,nan,nan,9.932768618485042111e+01,9.318378946667287721e+01,8.686283134850549459e+01,8.301056637364496282e+01,8.180892801399339476e+01,8.040398944287491645e+01,7.926438365128065300e+01,7.832274082584285679e+01,7.693515084163153972e+01,7.534138595971177210e+01,7.321652570044444985e+01,7.099841798689638495e+01,6.911005418162517344e+01,6.758149825742934524e+01,7.031123810405121333e+01,7.895518112625683216e+01,8.992710855270365755e+01,1.032789299034318447e+02,nan,nan,nan,nan,nan,nan,nan,nan,nan,nan,nan,nan,nan,nan,nan,nan,nan,nan,nan
nan,nan,nan,nan,nan,nan,nan,nan,nan,nan,nan,nan,nan,nan,nan,1.025857827228719117e+02,9.523494547221029904e+01,9.133780636018590826e+01,9.001744478853979103e+01,8.798326631201628345e+01,8.629468488923454572e+01,8.488478214652050724e+01,8.345115713686242032e+01,8.138208090340420142e+01,7.831130259923651238e+01,7.606775078946066060e+01,7.386695767687595549e+01,7.192823778506712529e+01,7.321787122618005128e+01,8.222028289342910057e+01,9.403110108704467507e+01,nan,nan,nan,nan,nan,nan,nan,nan,nan,nan,nan,nan,nan,nan,nan,nan,nan,nan,nan,nan
nan,nan,nan,nan,nan,nan,nan,nan,nan,nan,nan,nan,nan,nan,nan,nan,nan,9.966801199078763318e+01,9.750748878030184130e+01,9.553219699567823398e+01,9.392474896147999175e+01,9.184296107960743427e+01,8.972043643160856163e+01,8.685570003353078050e+01,8.332890220654968516e+01,8.075164975551356861e+01,7.790767395137669382e+01,7.587317092319338485e+01,7.725331472918696818e+01,8.538485673231221540e+01,9.826829460933559801e+01,nan,nan,nan,nan,nan,nan,nan,nan,nan,nan,nan,nan,nan,nan,nan,nan,nan,nan,nan,nan
nan,nan,nan,nan,nan,nan,nan,nan,nan,nan,nan,nan,nan,nan,nan,nan,nan,nan,nan,1.025857827228719117e+02,1.010817053260956300e+02,9.881302178477726272e+01,9.558590415501396365e+01,9.175890966598575460e+01,8.841823561169016443e+01,8.540245343717326421e+01,8.252072808894605771e+01,8.254921749832932676e+01,8.464956088000465684e+01,8.917980930248590710e+01,1.025857827228719117e+02,nan,nan,nan,nan,nan,nan,nan,nan,nan,nan,nan,nan,nan,nan,nan,nan,nan,nan,nan,nan
nan,nan,nan,nan,nan,nan,nan,nan,nan,nan,nan,nan,nan,nan,nan,nan,nan,nan,nan,nan,nan,nan,1.007139805459703155e+02,9.680195754054216195e+01,9.342484270119085465e+01,9.024011771456177655e+01,8.974173607662106633e+01,9.098268297152108630e+01,9.333219130890141457e+01,9.661070165501445217e+01,nan,nan,nan,nan,nan,nan,nan,nan,nan,nan,nan,nan,nan,nan,nan,nan,nan,nan,nan,nan,nan
