nan,nan,nan,nan,nan,nan,nan,nan,9.904482339883459474e+01,8.954182422844185396e+01,7.949325568605900116e+01,6.912107088611770678e+01,5.844805148925081539e+01,4.857958221116244601e+01,3.900413895945757758e+01,2.964286805809184600e+01,2.112034618147927745e+01,1.305824575208013094e+01,4.860560082276478511e+00,6.906126589820101025e-02,1.175319151629435977e-03,2.753772504590041456e-05,1.192092966562091635e-07,-0.000000000000000000e+00,-0.000000000000000000e+00,-0.000000000000000000e+00,-0.000000000000000000e+00,-0.000000000000000000e+00,-0.000000000000000000e+00,-0.000000000000000000e+00,-0.000000000000000000e+00,-0.000000000000000000e+00,-0.000000000000000000e+00,-0.000000000000000000e+00,-0.000000000000000000e+00,5.699814023959832478e-03,1.058412411781770679e+01,2.943330381794592654e+01,5.044652564110366910e+01,7.330444336354224788e+01,9.815496592402858766e+01,nan,nan,nan,nan,nan,nan,nan,nan,nan,nan
nan,nan,nan,nan,nan,nan,nan,9.736003604915870824e+01,8.940927118010493757e+01,8.122811890289001724e+01,7.257204444846645686e+01,6.339068994236688326e+01,5.410580061596224510e+01,4.490688325134676262e+01,3.633991629902428855e+01,2.776155093187001199e+01,1.961218452741919549e+01,1.224959347396305986e+01,4.913491059990137799e+00,1.367294024223899562e-01,4.523227224113458692e-04,1.990814952087409913e-05,2.384186075232764303e-07,-0.000000000000000000e+00,-0.000000000000000000e+00,-0.000000000000000000e+00,-0.000000000000000000e+00,-0.000000000000000000e+00,-0.000000000000000000e+00,-0.000000000000000000e+00,-0.000000000000000000e+00,-0.000000000000000000e+00,-0.000000000000000000e+00,-0.000000000000000000e+00,-0.000000000000000000e+00,4.660003261491337499e-03,9.636311034872212744e+00,2.688164523930685235e+01,4.581751253776458555e+01,6.644140620977407252e+01,8.920589446425633184e+01,nan,nan,nan,nan,nan,nan,nan,nan,nan,nan
nan,nan,nan,nan,nan,1.025857827228719117e+02,9.481724942194587413e+01,8.758770804990531644e+01,8.033744833966726162e+01,7.281083682117369449e+01,6.533874509581139023e+01,5.735672763491278658e+01,4.936724479266402454e+01,4.113677222544530565e+01,3.321256641738411730e+01,2.568056870667060920e+01,1.818571856686152088e+01,1.161138662591077697e+01,4.890688243477008257e+00,2.119459546679093309e-01,5.602617642703050776e-04,1.645101727525046998e-05,3.576279326012052150e-07,-0.000000000000000000e+00,-0.000000000000000000e+00,-0.000000000000000000e+00,-0.000000000000000000e+00,-0.000000000000000000e+00,-0.000000000000000000e+00,-0.000000000000000000e+00,-0.000000000000000000e+00,-0.000000000000000000e+00,-0.000000000000000000e+00,-0.000000000000000000e+00,1.192092966562091635e-07,6.178352345282291276e-03,8.807682920164767282e+00,2.421884539525472135e+01,4.102817152130459277e+01,5.993873588672857977e+01,8.098078926961561308e+01,nan,nan,nan,nan,nan,nan,nan,nan,nan,nan
nan,nan,nan,nan,1.011994883617520173e+02,9.295302180213813870e+01,8.555132586252302929e+01,7.871800335940764626e+01,7.213911972169992737e+01,6.525680706373651674e+01,5.831930982458882085e+01,5.130221212809513531e+01,4.415667738471482551e+01,3.720118712690139517e+01,3.013854594200691395e+01,2.327139666347470381e+01,1.669544411059503730e+01,1.072060311243227737e+01,4.828861573929130735e+00,3.038923364711169084e-01,1.197816781845191655e-03,2.288844553222098125e-05,7.152559931001943464e-07,-0.000000000000000000e+00,-0.000000000000000000e+00,-0.000000000000000000e+00,-0.000000000000000000e+00,-0.000000000000000000e+00,-0.000000000000000000e+00,-0.000000000000000000e+00,-0.000000000000000000e+00,-0.000000000000000000e+00,-0.000000000000000000e+00,-0.000000000000000000e+00,2.384186075232764303e-07,1.013160858402378274e-02,7.726416162374146523e+00,2.154009632444069666e+01,3.671138763422428042e+01,5.400394819999058171e+01,7.365504462850771006e+01,9.657819879388404161e+01,nan,nan,nan,nan,nan,nan,nan,nan,nan
nan,nan,nan,1.025857827228719117e+02,9.263947517315284585e+01,8.441525399734634050e+01,7.732230760650180912e+01,7.041487431279128373e+01,6.438348015476091746e+01,5.851339719157761721e+01,5.192252800647058564e+01,4.550346188922926416e+01,3.906688657800135900e+01,3.298713252008751340e+01,2.684127559149330366e+01,2.071799147383504192e+01,1.483410238937077175e+01,9.504958165214368648e+00,4.497398316198019330e+00,3.837762731788544324e-01,2.465543249580628895e-03,3.421365138136976084e-05,1.907350451804216369e-06,-0.000000000000000000e+00,-0.000000000000000000e+00,-0.000000000000000000e+00,-0.000000000000000000e+00,-0.000000000000000000e+00,-0.000000000000000000e+00,-0.000000000000000000e+00,-0.000000000000000000e+00,-0.000000000000000000e+00,-0.000000000000000000e+00,-0.000000000000000000e+00,8.344653750216029254e-07,1.066884038608225879e-02,6.603232256107250286e+00,1.903778080832917396e+01,3.277161790576086986e+01,4.890314103588498540e+01,6.726930234734200553e+01,8.881265266493358013e+01,nan,nan,nan,nan,nan,nan,nan,nan,nan
nan,nan,nan,9.555580981116551698e+01,8.572330652376166427e+01,7.729958512111645064e+01,6.985481403215995044e+01,6.314037058625038412e+01,5.693217806555361449e+01,5.191593303390000358e+01,4.648809723264061233e+01,4.047015737130561064e+01,3.450776142312925288e+01,2.893906995958791839e+01,2.346285248029845505e+01,1.822281099273412863e+01,1.297464415467524823e+01,8.182611552737206750e+00,3.882761437561927043e+00,3.889366132627973260e-01,3.991871781099529809e-03,6.807082109927031289e-05,5.006802695148507959e-06,2.384186075232764303e-07,-0.000000000000000000e+00,-0.000000000000000000e+00,-0.000000000000000000e+00,-0.000000000000000000e+00,-0.000000000000000000e+00,-0.000000000000000000e+00,-0.000000000000000000e+00,-0.000000000000000000e+00,-0.000000000000000000e+00,-0.000000000000000000e+00,2.503398214065100533e-06,1.121877796702338767e-02,5.509697413515720399e+00,1.664454655744303224e+01,2.946234131386401245e+01,4.437867361084136775e+01,6.177557374162836368e+01,8.228381346912267702e+01,nan,nan,nan,nan,nan,nan,nan,nan,nan
nan,nan,9.857844953763942897e+01,8.846745717483166516e+01,7.927094959960319898e+01,7.112585998216145811e+01,6.372781360824270536e+01,5.683882159783254906e+01,5.064610843048478017e+01,4.551806121594731991e+01,4.093286635854661171e+01,3.589651552869929674e+01,3.069634736852049528e+01,2.542279976461277613e+01,2.026649467674550564e+01,1.563774394158897252e+01,1.104579382262665987e+01,6.761892464710115291e+00,2.953736970703885412e+00,2.878566895692244998e-01,5.423683922912649405e-03,1.393653703869684286e-04,1.394758414454092727e-05,1.549721964978620376e-06,1.192092966562091635e-07,-0.000000000000000000e+00,-0.000000000000000000e+00,-0.000000000000000000e+00,-0.000000000000000000e+00,-0.000000000000000000e+00,-0.000000000000000000e+00,-0.000000000000000000e+00,-0.000000000000000000e+00,-0.000000000000000000e+00,7.867844061755479627e-06,1.425006174482999592e-02,4.616160193318737726e+00,1.467656756635534165e+01,2.647927854837806194e+01,4.074367145454062467e+01,5.732970051909394016e+01,7.677083596964263279e+01,9.987773252176970118e+01,nan,nan,nan,nan,nan,nan,nan,nan
nan,1.032789299034318447e+02,9.170570928267787281e+01,8.223252651432974858e+01,7.332192035613026349e+01,6.545306288606471412e+01,5.825287547681716660e+01,5.141035297855179209e+01,4.533687698987157688e+01,3.990230356608161344e+01,3.547173523454551969e+01,3.131162398148623538e+01,2.698041554676134979e+01,2.214207741185685308e+01,1.760771712462057437e+01,1.334794919013834047e+01,9.104423454746893185e+00,5.237491676406498264e+00,1.837441275541109142e+00,1.539488192706171821e-01,5.097724382630252661e-03,2.358833976775358580e-04,3.039883087522667586e-05,5.126012588663674936e-06,3.576279326012052150e-07,-0.000000000000000000e+00,-0.000000000000000000e+00,-0.000000000000000000e+00,-0.000000000000000000e+00,-0.000000000000000000e+00,-0.000000000000000000e+00,-0.000000000000000000e+00,-0.000000000000000000e+00,1.192092966562091635e-07,2.419977859108851992e-05,1.881206924796718916e-02,3.844079562233766900e+00,1.310818294495406455e+01,2.433812335154030393e+01,3.768674465432167153e+01,5.346734621837173762e+01,7.214096831325296932e+01,9.378967074467404075e+01,nan,nan,nan,nan,nan,nan,nan,nan
nan,9.861549080931978040e+01,8.689000331625605611e+01,7.672579708673031007e+01,6.813018482908785245e+01,6.020886520844809553e+01,5.311536910734562866e+01,4.661339673720522114e+01,4.039850049448597247e+01,3.518894017341935410e+01,3.076073047701437346e+01,2.695408067814497599e+01,2.325373882815506477e+01,1.920603935462996503e+01,1.517436379507326727e+01,1.122812828586766187e+01,7.378781486628122721e+00,3.772586591081542817e+00,1.030242766062908100e+00,7.674362941181528397e-02,4.177402459518322897e-03,3.383732055016769758e-04,5.781817687070390214e-05,1.311310782700857238e-05,2.026559975834562053e-06,1.192092966562091635e-07,-0.000000000000000000e+00,-0.000000000000000000e+00,-0.000000000000000000e+00,-0.000000000000000000e+00,-0.000000000000000000e+00,-0.000000000000000000e+00,-0.000000000000000000e+00,4.768372718899988264e-07,7.176656746806959488e-05,2.406857832634110711e-02,3.221718741953890408e+00,1.214099667473542787e+01,2.266147235247827041e+01,3.535688021537060877e+01,5.063921737302772641e+01,6.809303283518372041e+01,8.837257414266734656e+01,nan,nan,nan,nan,nan,nan,nan,nan
nan,9.470990356337559035e+01,8.290934372933216423e+01,7.253902501096673916e+01,6.347193200077879283e+01,5.576212817976912817e+01,4.883722001949195146e+01,4.245542521401289093e+01,3.646405792069134577e+01,3.108479079089837782e+01,2.685563601517042898e+01,2.335927572888525816e+01,2.011499394415419673e+01,1.672197996607362214e+01,1.311403174282759210e+01,9.404389757022869389e+00,5.840817161886149300e+00,2.619278957613144776e+00,5.548101508413586513e-01,4.854517140886664694e-02,3.879492839669875740e-03,4.965107227406730019e-04,1.211239733958996764e-04,3.337915815211994021e-05,8.106264545126783288e-06,9.536747711538899365e-07,1.192092966562091635e-07,-0.000000000000000000e+00,-0.000000000000000000e+00,-0.000000000000000000e+00,-0.000000000000000000e+00,-0.000000000000000000e+00,1.192092966562091635e-07,2.741817418445911629e-06,2.218134820008123493e-04,3.831883915642739918e-02,3.397998998160573603e+00,1.177186606313821748e+01,2.159971998899346701e+01,3.362998583785444850e+01,4.792558290356584649e+01,6.452468869300382437e+01,8.374935920080024232e+01,nan,nan,nan,nan,nan,nan,nan,nan
nan,9.187835600130830471e+01,7.993703468237990251e+01,6.909485785835185823e+01,5.992822509999316338e+01,5.183816430258824681e+01,4.483080796833049675e+01,3.866182757103665324e+01,3.300990269949846123e+01,2.773925513733778203e+01,2.359719433348839246e+01,2.040992637180496772e+01,1.750632881816024167e+01,1.460793110521278138e+01,1.156545724906371042e+01,8.231316701481349085e+00,4.832311923480624216e+00,1.862516358193162969e+00,3.061445222898645513e-01,3.436191647292044515e-02,4.151904913206873500e-03,7.814837533259470044e-04,2.882299917625190952e-04,1.031213522853134331e-04,3.266387879559475455e-05,7.152582952707335955e-06,1.430512497791890276e-06,2.384186075232764303e-07,-0.000000000000000000e+00,-0.000000000000000000e+00,-0.000000000000000000e+00,-0.000000000000000000e+00,4.768372718899988264e-07,1.215942145964517316e-05,6.296828621212791034e-04,8.572647645414577244e-02,4.066116789894365979e+00,1.163724829189155940e+01,2.082904059219553972e+01,3.219168467066446482e+01,4.544373325477470615e+01,6.119881826644382983e+01,7.910264587604925168e+01,9.949474026951358496e+01,nan,nan,nan,nan,nan,nan,nan
1.032789299034318447e+02,8.952111837600263300e+01,7.755258178836226080e+01,6.666453556024472960e+01,5.712805299392562830e+01,4.880863008052870811e+01,4.160961556593455413e+01,3.532999186996167396e+01,2.991502260113080425e+01,2.512112914464767499e+01,2.095945055331224438e+01,1.790145217784062481e+01,1.537476027788052768e+01,1.278374575575960570e+01,1.018454753556139636e+01,7.471551006050955124e+00,4.409196841774368991e+00,1.681198078655972594e+00,2.661162542174614898e-01,3.264580055741703180e-02,6.315882283226435454e-03,1.666085273524429543e-03,7.384761319333636026e-04,3.388502041498628369e-04,1.239853469982994650e-04,3.349837142794876495e-05,7.510213443281600614e-06,2.145769514075819627e-06,5.960466253896608114e-07,2.384186075232764303e-07,1.192092966562091635e-07,3.576279326012052150e-07,2.741817418445911629e-06,4.851935789217653452e-05,1.878176491933832275e-03,2.288930312941616918e-01,4.626868486921797086e+00,1.167279323981318839e+01,2.026209453686413653e+01,3.073758507205144852e+01,4.319282535247525345e+01,5.771304709349121254e+01,7.451818093804054399e+01,9.419755991275262375e+01,nan,nan,nan,nan,nan,nan,nan
1.010817053260956300e+02,8.762585447952027096e+01,7.550846861721123560e+01,6.482296757508061091e+01,5.519202045287114800e+01,4.663449995402440607e+01,3.919442915658105164e+01,3.288298129352787669e+01,2.739246305662045344e+01,2.274790661485655718e+01,1.909094945092570939e+01,1.625402605017989188e+01,1.396458050614707247e+01,1.164017427714590447e+01,9.156637312038478527e+00,6.722861200455834130e+00,4.174773260240860040e+00,1.751091590815865295e+00,3.481860120790414292e-01,4.823193475551533493e-02,1.205854938581568149e-02,4.086727521000688840e-03,2.009143786517982814e-03,1.030857040176924328e-03,4.067652090541906381e-04,1.227931070022956974e-04,3.337915815211994021e-05,1.144415728099313309e-05,3.695494804406731902e-06,1.549721964978620376e-06,1.072884181497058874e-06,2.264979066527992902e-06,1.442442806720686554e-05,2.119169649904669914e-04,7.488743767243013008e-03,5.001079952047265964e-01,4.999567256184112907e+00,1.152300493401540393e+01,1.953000836216904901e+01,2.931242562062309887e+01,4.109970092809482622e+01,5.493356320382370228e+01,7.092626953105775556e+01,8.955210849276336660e+01,nan,nan,nan,nan,nan,nan,nan
1.000208333654103683e+02,8.591089629914999648e+01,7.389277654625459490e+01,6.318225862063464859e+01,5.368087385412716372e+01,4.537731177144223693e+01,3.785718474380027487e+01,3.123885763564309670e+01,2.570700158819045100e+01,2.108702125224888491e+01,1.764606425604262796e+01,1.529058265982350484e+01,1.299716567008630541e+01,1.082958750599918929e+01,8.511422674257293153e+00,6.159103661930249274e+00,4.015605078619536528e+00,1.962816831279506902e+00,5.124577977232160908e-01,9.807097032354514243e-02,2.603311163817086452e-02,1.100397345096314206e-02,5.745313579867438077e-03,3.081475029910354328e-03,1.279636038736253582e-03,4.361030556476217868e-04,1.478304454248420834e-04,5.531464017806411661e-05,1.955051459639318111e-05,8.940736684575709966e-06,6.318112305420923465e-06,1.227863220582636226e-05,6.842847337673146598e-05,8.496077932701173990e-04,2.336087697752234002e-02,8.825314020268988369e-01,5.409873922885473085e+00,1.166414162973389779e+01,1.910373506077608496e+01,2.821928985055312111e+01,3.918120580626329286e+01,5.215794371866019929e+01,6.718048098878966812e+01,8.444322212597079158e+01,nan,nan,nan,nan,nan,nan,nan
9.923587863559730238e+01,8.491944130730834672e+01,7.233047487316753177e+01,6.168078619012169383e+01,5.223809436067694634e+01,4.402495959784749147e+01,3.687616862379608307e+01,3.034601094172806413e+01,2.462762720183625476e+01,1.985807181488153361e+01,1.661931933397976024e+01,1.449607760596965988e+01,1.241989640224551117e+01,1.028596320075425474e+01,8.083391555600673684e+00,5.963338275382072062e+00,3.928032339906147197e+00,2.148358032731567224e+00,7.700349845746629063e-01,2.034552645348815247e-01,6.573075225364784224e-02,2.837770262916186267e-02,1.563882665960376200e-02,8.501865162769493139e-03,4.196675684173612267e-03,1.549251304401604804e-03,6.168598737833130494e-04,2.470917772530046436e-04,9.549120006970076722e-05,4.732720786629481761e-05,3.576342636894355872e-05,6.318291946053194194e-05,2.705820866667710419e-04,2.642125360765771799e-03,5.854569556014797838e-02,1.325896515108492935e+00,5.846202625126327490e+00,1.164767577665496034e+01,1.864833644235547183e+01,2.706116674059974869e+01,3.716181186573486883e+01,4.920571132750045962e+01,6.337535094345409448e+01,7.965645594450141687e+01,9.824197730101822401e+01,nan,nan,nan,nan,nan,nan
9.825504938258556820e+01,8.394506077089971541e+01,7.142304233929561974e+01,6.057305149473981487e+01,5.114922338547810199e+01,4.295056531448721415e+01,3.578394444837956456e+01,2.933782791907425747e+01,2.355279485321214139e+01,1.866021615602804928e+01,1.552848053366365022e+01,1.357576258168286820e+01,1.167619761514355226e+01,9.803761955961087793e+00,7.823447840303908052e+00,5.826495201092002141e+00,3.953280828765238120e+00,2.353473170456938490e+00,1.046005286073358187e+00,3.897686206333721981e-01,1.579857052899372727e-01,7.573376720121546835e-02,4.255490825443897923e-02,2.250187154315614474e-02,1.120334714820596898e-02,5.194961852995294734e-03,2.424853112586380574e-03,1.004902614655047571e-03,4.724187773805168405e-04,2.505497069475739157e-04,1.816318466958513394e-04,2.676010523647225450e-04,9.514445872781309311e-04,7.867988319532431135e-03,1.255403485691656829e-01,1.692066484546929539e+00,5.976446614256968104e+00,1.150891738661649555e+01,1.804022796547022978e+01,2.586814120261155026e+01,3.542309189111118428e+01,4.659242250915974637e+01,5.961914827237210091e+01,7.484761046031209730e+01,9.202034200324682445e+01,nan,nan,nan,nan,nan,nan
9.693154069377584392e+01,8.264259338720540882e+01,7.027851864092734502e+01,5.947628790919330299e+01,5.022914130424396717e+01,4.186974719403356460e+01,3.458839867733330209e+01,2.809544085423899062e+01,2.233414563636782546e+01,1.760893980760897648e+01,1.463058946155698159e+01,1.268324393367593395e+01,1.093411552912429485e+01,9.219607371573294685e+00,7.452022030125247554e+00,5.672369667463407872e+00,3.939213309178207112e+00,2.470824066513007011e+00,1.362348824291929938e+00,7.202624206019934139e-01,3.308189508090761399e-01,1.748050965136598578e-01,1.050722296812284379e-01,5.634268892391464806e-02,2.790583150614328947e-02,1.571541790250122542e-02,8.198157489616525462e-03,3.783101158370848205e-03,1.877818191809944078e-03,1.015522964821218618e-03,7.891191415848805568e-04,1.060153534394051023e-03,3.227250257205347382e-03,2.149170843983053483e-02,2.216924715803300083e-01,1.995720901778335499e+00,6.032140791575020700e+00,1.101854441801457973e+01,1.714575390752711925e+01,2.461968235241135972e+01,3.337154004315883071e+01,4.370146185159436669e+01,5.569687657785129176e+01,6.980200193792799723e+01,8.606590266260749900e+01,nan,nan,nan,nan,nan,nan
9.455895914665427426e+01,8.082721717505955894e+01,6.867796331941575261e+01,5.806718829723435249e+01,4.883095550402438789e+01,4.073770911128973893e+01,3.346781200998371730e+01,2.686421660894899688e+01,2.106179580656300132e+01,1.648742409687535826e+01,1.368931036912246491e+01,1.169420799817440226e+01,1.003708542291384020e+01,8.460897950234260279e+00,7.005934387386754558e+00,5.436760405563533460e+00,3.830255208515647602e+00,2.447138745103078161e+00,1.550383780254206645e+00,9.994873872127723047e-01,5.842677494942056793e-01,3.326310468997718539e-01,2.018665230432082902e-01,1.171001698308826722e-01,6.070125024846721035e-02,3.901626151313322688e-02,2.273214799571786002e-02,1.215501809713276371e-02,6.571559494481411801e-03,4.044714594299225752e-03,3.221928310366620630e-03,4.306695799170011558e-03,1.133927915203221219e-02,5.278711065442167477e-02,4.522396594527643421e-01,2.476533317344317808e+00,6.053389802159647282e+00,1.065624126908141989e+01,1.633903894820438651e+01,2.328255843597562347e+01,3.137454605907150906e+01,4.094601828678761990e+01,5.222114183073771443e+01,6.534774784871125064e+01,8.025974268840451487e+01,9.688868923636650266e+01,nan,nan,nan,nan,nan
9.089889554745219868e+01,7.782278439690445282e+01,6.629820258568064162e+01,5.619294741672474913e+01,4.710845949300796320e+01,3.901346973148717723e+01,3.204048194753077183e+01,2.563615171790864622e+01,1.996672708466547519e+01,1.532811248074943045e+01,1.264868425376562655e+01,1.076831398123912997e+01,9.124825469964697788e+00,7.665029815522424350e+00,6.347638733603941930e+00,4.965242607727953228e+00,3.519321972072060767e+00,2.306464361447504441e+00,1.649833521048443830e+00,1.191603534523437480e+00,8.193448003053125372e-01,5.219632117738709498e-01,3.104252773275042454e-01,1.961508927011519354e-01,1.212454440768142155e-01,8.149720433578011569e-02,5.459835027229730658e-02,3.453027820661483394e-02,2.238855134505065431e-02,1.512439453963282041e-02,1.235389729044496059e-02,1.538929493890467577e-02,3.156813177133515474e-02,1.193528154976290917e-01,7.242040583207258742e-01,2.836295540286353223e+00,6.052944429540046301e+00,1.033254341446970059e+01,1.564274698060483715e+01,2.192146875398829309e+01,2.942188833657092673e+01,3.848527537337834303e+01,4.902358625056299957e+01,6.093328854601369926e+01,7.442813114519310602e+01,8.986750041180357584e+01,nan,nan,nan,nan,nan
8.627127073158203530e+01,7.389829256499822918e+01,6.287516022588439313e+01,5.321720120347529104e+01,4.474163822463836482e+01,3.692456055298738704e+01,3.018015330898136739e+01,2.417673342877786169e+01,1.869999390667750205e+01,1.408607403467627428e+01,1.143300281508164673e+01,9.908608535441640441e+00,8.391327869401886019e+00,7.002161011439780758e+00,5.796076889161756895e+00,4.566725096874422185e+00,3.230688105265348664e+00,2.210489926816777029e+00,1.683480392690286820e+00,1.312324272529985070e+00,9.685468819384690509e-01,6.509952754748169479e-01,4.225877908712666886e-01,2.951797641090049273e-01,2.075174486169473198e-01,1.627620478269685700e-01,1.220943034184192172e-01,9.195047421093184570e-02,6.970198811862102217e-02,5.163731627586098938e-02,3.908245424072108454e-02,4.391985674274627438e-02,7.899583334920107225e-02,2.346172887103133153e-01,9.591849605496756137e-01,2.908172824370702791e+00,5.939300634732113338e+00,9.915370711921418945e+00,1.465779254836547096e+01,2.057044032120674260e+01,2.763941578074422978e+01,3.606652450903128937e+01,4.562227250110664301e+01,5.632086178553156941e+01,6.847799676371411692e+01,8.274057778001665042e+01,9.920139245952613294e+01,nan,nan,nan,nan
8.107673644349290498e+01,6.928329464332381349e+01,5.888846210438256890e+01,4.961500928149219192e+01,4.142797096223235798e+01,3.424800493748254837e+01,2.791960218311138675e+01,2.228782012058037409e+01,1.727404673559112425e+01,1.284064913605763003e+01,1.024624502693368733e+01,8.878374163712345890e+00,7.690088535967637640e+00,6.408114666332892284e+00,5.277677502573921764e+00,4.185453226008930550e+00,3.188838074701133340e+00,2.245029598179725916e+00,1.690078065643892735e+00,1.324291900292167368e+00,1.021734326612292909e+00,7.389047007843250192e-01,5.456141651831675210e-01,4.263232969101327097e-01,3.628094305173659717e-01,3.104495866332581122e-01,2.562504962900520877e-01,2.098541198740739022e-01,1.728903436124167858e-01,1.349140177359484105e-01,1.100787668631048460e-01,1.088425415719789097e-01,1.598087427863763288e-01,3.750728236796519455e-01,1.109362009843318120e+00,2.918853028236842562e+00,5.748587490068720385e+00,9.396909133200189501e+00,1.378451170898401479e+01,1.913193130594975599e+01,2.560889062113222181e+01,3.318220145016093880e+01,4.181755834627042390e+01,5.155590825337875316e+01,6.296326071086016896e+01,7.628398129498812352e+01,9.161400464155406098e+01,nan,nan,nan,nan
7.539817815834902603e+01,6.425486001986317319e+01,5.433455656397381262e+01,4.559198002930718019e+01,3.783078770044071604e+01,3.099439627301232747e+01,2.494440261541716453e+01,1.965201860728247851e+01,1.512869214748968361e+01,1.121163700555955955e+01,8.874861250124311596e+00,7.654687184974682701e+00,6.687073562579294084e+00,5.739379117120737561e+00,4.719880298401619712e+00,3.838529531457115063e+00,3.031106761902582214e+00,2.205150239763535858e+00,1.603101625931808272e+00,1.274586740993645106e+00,1.050681583988295031e+00,8.220083173249154163e-01,6.672946890272786202e-01,5.977697906493798508e-01,5.495084265169859483e-01,5.060642939237874893e-01,4.525013650768482387e-01,3.900886927491616363e-01,3.396914979890975905e-01,2.934651540338460429e-01,2.410759805772900721e-01,2.262534711743014182e-01,3.086504256343324260e-01,5.806178319305125290e-01,1.339216076266568134e+00,2.972678322074854940e+00,5.516340204348646914e+00,8.716611251628744839e+00,1.268758701265039690e+01,1.750648495477262045e+01,2.333145144280276284e+01,3.004814148636326365e+01,3.772213749507202607e+01,4.691679006863398627e+01,5.760083393986628408e+01,6.994661710615699235e+01,8.408556366920250014e+01,1.005063411811920702e+02,nan,nan,nan
6.913043213220687733e+01,5.859897234989684023e+01,4.945729830853798603e+01,4.139810562259999926e+01,3.409278872998246612e+01,2.767309763628536601e+01,2.202652030473466382e+01,1.704978834439605961e+01,1.275075229960735790e+01,9.176477488921136683e+00,7.281250162929788772e+00,6.343722255211549310e+00,5.500712268362109469e+00,4.836323390782038878e+00,4.084297749381840426e+00,3.407423414508505832e+00,2.702149077171178249e+00,2.025224215809409145e+00,1.516963789275326935e+00,1.193990005795791065e+00,1.030026528237862005e+00,8.660776284377891265e-01,7.686467519211326316e-01,7.416916011345412452e-01,7.333672475381040057e-01,7.007932747387710659e-01,6.685943957039406360e-01,6.472486009330984391e-01,6.114766293722120327e-01,5.430279637525045056e-01,4.678978462548598061e-01,4.560717230167851688e-01,5.409592823027001840e-01,8.748192338570599524e-01,1.678777930530940710e+00,3.130789533565528249e+00,5.286817577483236441e+00,7.920019610369642749e+00,1.143815665076968813e+01,1.578211230448625457e+01,2.088936233651692476e+01,2.684287262746035196e+01,3.398861696557155199e+01,4.239883423233405324e+01,5.221667489064174816e+01,6.356940456089262170e+01,7.686380009089968723e+01,9.228328417863407651e+01,nan,nan,nan
6.228402324559311865e+01,5.285368347973280123e+01,4.435317230793506127e+01,3.680048375654237702e+01,2.997384070802439382e+01,2.390479475733172166e+01,1.867553406095553470e+01,1.402108855653230535e+01,9.951719111747678426e+00,6.844683126423913855e+00,5.420481437551506687e+00,4.762573756991474561e+00,4.222051223809216935e+00,3.790896077181599377e+00,3.235409102643385992e+00,2.710882097355256981e+00,2.193844268910715378e+00,1.761382796422604313e+00,1.400573504593419116e+00,1.133694491139029648e+00,9.976614904552459917e-01,8.915377982950746238e-01,8.474525165967284890e-01,8.987853195455886013e-01,9.219634060090919903e-01,9.026125905116191284e-01,9.391703590336775154e-01,9.664473343542369088e-01,9.658591884605025601e-01,9.321694025472899714e-01,8.529794911535791835e-01,7.947710772890987929e-01,8.147635164763735727e-01,1.087886257026099202e+00,1.789131826475026221e+00,3.049290217570583383e+00,4.932902669625958580e+00,7.250336110729951322e+00,1.023568619960675186e+01,1.403600401928388308e+01,1.857788664469833506e+01,2.396515278561003015e+01,3.034063343248024225e+01,3.796504985147164746e+01,4.697410587208228350e+01,5.749766923278970410e+01,7.013626101951150815e+01,8.453347779759113223e+01,1.011994883617520173e+02,nan,nan
5.480422974399278502e+01,4.614834599784646230e+01,3.839186863030627705e+01,3.143975453399908204e+01,2.508587456323135712e+01,1.948644646431653626e+01,1.469546699959444247e+01,1.049229548628373720e+01,6.894449976059505936e+00,4.458954798428418798e+00,3.507716535034346439e+00,3.139985075105878654e+00,2.797775200777560034e+00,2.596003406924409784e+00,2.262688017962300790e+00,1.953139693992869352e+00,1.695107925366158286e+00,1.455504319254816936e+00,1.253473932053214446e+00,1.073856520408986714e+00,9.630607237325753411e-01,9.254554483989373415e-01,9.111233298034417949e-01,1.010680934963398947e+00,1.097128132232502606e+00,1.156041039097446710e+00,1.269687261254311306e+00,1.361027173661373491e+00,1.453730906822760405e+00,1.487411195258563801e+00,1.409926174528596921e+00,1.310249182713754790e+00,1.230114245398508999e+00,1.381872071695697590e+00,1.890089809745086891e+00,2.901700690797582194e+00,4.433821609145109477e+00,6.447496103621011443e+00,9.040475417052798335e+00,1.232697230324632365e+01,1.629623043116796666e+01,2.113222308078148970e+01,2.687882617375714034e+01,3.383380137614841487e+01,4.214781571171755559e+01,5.188417051285760095e+01,6.356284718011900026e+01,7.734892278266404730e+01,9.312476145658843052e+01,nan,nan
4.644850160593227173e+01,3.838932801335991485e+01,3.132581706407010813e+01,2.516507339338264160e+01,1.949076466351112558e+01,1.445996098309968225e+01,1.009405589965552785e+01,6.431816715172582910e+00,3.506069094803467401e+00,2.084026334657890445e+00,1.860898016562099189e+00,1.788562623072947000e+00,1.579876432616612814e+00,1.498564846828303043e+00,1.406035158853252920e+00,1.282411821018295539e+00,1.183542206736684976e+00,1.164824668574641509e+00,1.101862740552539410e+00,1.045917156667440562e+00,9.786034718611223981e-01,9.821140415204546725e-01,1.023613545166339289e+00,1.174920141564895770e+00,1.322152162735693803e+00,1.483751711628029213e+00,1.683734759740581843e+00,1.849887763192339385e+00,1.975528272194834400e+00,2.067839117472295651e+00,2.004594021693137496e+00,1.926132595176345275e+00,1.875714595223709535e+00,1.910565445007613716e+00,2.198307091654280843e+00,2.911797483888307170e+00,4.103083671129963861e+00,5.817617737742849293e+00,8.077942831842918281e+00,1.097119844620442919e+01,1.453993972446381555e+01,1.892289351269941733e+01,2.416499718609116343e+01,3.054916378896272633e+01,3.798304746592565095e+01,4.704691317000039419e+01,5.787630459911647307e+01,7.070930486857767505e+01,8.579492190045904465e+01,1.032789299034318447e+02,nan
3.785092164469395470e+01,3.045354075495998103e+01,2.403076745674689008e+01,1.843490606442105673e+01,1.345985270995126548e+01,9.198362775254249613e+00,5.554351845751099859e+00,2.532571917482323354e+00,7.998934970675989353e-01,5.039572397400009507e-01,6.078304277793086241e-01,6.546226305795577183e-01,6.783950655584725098e-01,7.390184540077806563e-01,7.506297489413449320e-01,8.040552539831454792e-01,8.840915462814470382e-01,9.684721501466744265e-01,1.051721330020377376e+00,1.096006315029927292e+00,1.137624056919872118e+00,1.145026579767155939e+00,1.225453266718554035e+00,1.414806548244520457e+00,1.690571244497703907e+00,1.959387527078968905e+00,2.139427934407021947e+00,2.354046797231575727e+00,2.539112367073488308e+00,2.606716663273485945e+00,2.666966945871740435e+00,2.643930105019856480e+00,2.600981029166032688e+00,2.579482314215638006e+00,2.661888750007807225e+00,3.088888390728658173e+00,4.069219591061516539e+00,5.588828035253159854e+00,7.520419634904947692e+00,1.004488869189590083e+01,1.320476980407164191e+01,1.711625721669061306e+01,2.199468228354222887e+01,2.783474352095125326e+01,3.475508883285948514e+01,4.297596740527918513e+01,5.291461186033573227e+01,6.506565099086002135e+01,7.925718685400646280e+01,9.556425242963092614e+01,nan
2.935047343228456995e+01,2.259188087444050907e+01,1.674275593064815837e+01,1.166716107499648913e+01,7.535093370346692687e+00,4.076613533187394722e+00,1.344691879022991809e+00,2.163533099323286524e-01,5.414981022735525229e-02,6.313277646477573335e-02,1.078698645635606801e-01,1.708136400529280119e-01,2.281345979570336135e-01,3.121542555993409573e-01,4.359035168605457922e-01,5.660569210879656810e-01,7.302739019608431859e-01,8.808358261198255823e-01,1.014270318917752656e+00,1.208085586333972783e+00,1.327147455020455835e+00,1.440020046500980921e+00,1.580222183928643442e+00,1.813925897819492095e+00,2.123429224525325232e+00,2.385801100253043927e+00,2.672930238586332496e+00,2.847323601603775511e+00,2.942912552209264287e+00,3.161173280315259237e+00,3.277432825108473224e+00,3.267748194672149165e+00,3.241097535746744196e+00,3.158151359737809916e+00,3.208524314849238834e+00,3.500376381057801467e+00,4.291814998920243873e+00,5.636231000763340049e+00,7.348781925689917394e+00,9.555886296705324412e+00,1.229714286550091629e+01,1.566936819615872878e+01,2.009781178284680081e+01,2.542948921400786944e+01,3.172379686665647114e+01,3.946767429414313710e+01,4.894613646003716667e+01,6.026937498084609501e+01,7.384331521501438544e+01,8.943087761793380253e+01,nan
2.141378405472755730e+01,1.541691995058002718e+01,1.003520778593426144e+01,5.450677544125023921e+00,2.050238722380660406e+00,3.163317267773907426e-01,3.301875271641329518e-02,5.816174718383793768e-03,3.189817838861052843e-03,6.346653672471011878e-03,1.475472856281292815e-02,3.816377107416888542e-02,1.004141527431934161e-01,1.830620729127440394e-01,3.108980733113491102e-01,4.849961141880277937e-01,6.572264752433447654e-01,8.190990926989661913e-01,1.023575556237204420e+00,1.278598498870108457e+00,1.489123389555204735e+00,1.686660294479484845e+00,1.922710927442672579e+00,2.212983288536255699e+00,2.526179342070576261e+00,2.798032936739743182e+00,3.073447842410031328e+00,3.206180059323472165e+00,3.339611945913600444e+00,3.557671478416177369e+00,3.715046643507280422e+00,3.748337645376300653e+00,3.747050658607002926e+00,3.643031088634497650e+00,3.641395444577347096e+00,4.011273030441453891e+00,4.824580359664968121e+00,6.032872720032412595e+00,7.684403126006512430e+00,9.575002006481982519e+00,1.200774733390157145e+01,1.504174522336253261e+01,1.890132113952896731e+01,2.365845295331518017e+01,2.959256374349642371e+01,3.697129826034971956e+01,4.592734154247244760e+01,5.686536797545091559e+01,6.971326440498798149e+01,8.477601618757144308e+01,1.025857827228719117e+02
1.346753075592778792e+01,8.342534760236887337e+00,3.904225924200081632e+00,7.792369959980930405e-01,6.000575951058361585e-02,6.268017559722447070e-03,9.821706711931254760e-04,3.409967008823590264e-04,3.458859606394977309e-04,9.799034715754458610e-04,3.725964603754760174e-03,1.590743644150920469e-02,5.454201211112535974e-02,1.436471226741389273e-01,2.721509682091901583e-01,4.551882503460317753e-01,6.046560811049974671e-01,7.877697234772197410e-01,1.021300429777410423e+00,1.261710329239196460e+00,1.525311251854139849e+00,1.902044566502543832e+00,2.272606541102490940e+00,2.566650422447745772e+00,2.835542729729080946e+00,3.120557773466742013e+00,3.277911673132567039e+00,3.432174624375514238e+00,3.602315110039846946e+00,3.709753649472872450e+00,3.830076032277919040e+00,3.979132158807605624e+00,3.991634990643623038e+00,3.987909989078179507e+00,4.040371070511125318e+00,4.356842994569217531e+00,5.151354268735637731e+00,6.263274089146349866e+00,7.798023934299749271e+00,9.717062927730495403e+00,1.207597086579654011e+01,1.493027337567601442e+01,1.851980365166416576e+01,2.302418204879456454e+01,2.865686349908691355e+01,3.556664279126875527e+01,4.416940312501304788e+01,5.455514908157164200e+01,6.696118165747385831e+01,8.160127265769524740e+01,9.898847046228345903e+01
5.873841175238213808e+00,1.894797962643636868e+00,1.710685719342827926e-01,9.431713022144643313e-03,8.617775499216660242e-04,1.597532078622725604e-04,5.173817006107754346e-05,3.862455573300228840e-05,8.893408452334645108e-05,4.097466582388499859e-04,2.147535073738106662e-03,1.090351815094110430e-02,4.206778456401692734e-02,1.313615508204564186e-01,2.864398093815858082e-01,4.745040209856187241e-01,6.507081088990327444e-01,8.258605190793234518e-01,1.061219648655527203e+00,1.353230732819638016e+00,1.698091965562295247e+00,2.065402214899523692e+00,2.507468874606327613e+00,2.848582078257500871e+00,3.102245604608985463e+00,3.307149590246178050e+00,3.446774190035768015e+00,3.591910328520279361e+00,3.705944263375914538e+00,3.750922940569011210e+00,3.763829767612065780e+00,3.855992154889874790e+00,3.912818320909110525e+00,3.973939541318642465e+00,4.213133698446585917e+00,4.679979855804868194e+00,5.380341561272054207e+00,6.533434089314889448e+00,8.002160691635845424e+00,9.819678274760205383e+00,1.211964872705157070e+01,1.504153735819324389e+01,1.871704513433440198e+01,2.335079518677183685e+01,2.897000015476983137e+01,3.558950852208938187e+01,4.364617924925810399e+01,5.365210343950342775e+01,6.587716677679006239e+01,8.021397405781161183e+01,9.691074271708136223e+01
1.833820086677349637e-01,7.999261822596965069e-03,5.235254012841899585e-04,6.258683552929164172e-05,1.370916226847547845e-05,5.841272248185802185e-06,5.006802695148507959e-06,9.179157423746760720e-06,3.957826734014947492e-05,2.584195225500843869e-04,1.672652738826742791e-03,9.876524549248527976e-03,4.539669052927176179e-02,1.576212450576428281e-01,3.587078413019608170e-01,6.062026524137652528e-01,8.483767696974399142e-01,1.044156112945235915e+00,1.349293439346938683e+00,1.710040113764969671e+00,2.031528165767158445e+00,2.402497093883246837e+00,2.800245251460097951e+00,3.080490188205042390e+00,3.303909240670959147e+00,3.440634247596953799e+00,3.472143682176747959e+00,3.553586475074184126e+00,3.608868442858828463e+00,3.630382427360804076e+00,3.573549798973528535e+00,3.563415232946580247e+00,3.617582073393489583e+00,3.785650149481714966e+00,4.172157492969589931e+00,4.873732828709255394e+00,5.669769455934616786e+00,6.785011761305691280e+00,8.291127418097248736e+00,1.025802769737829045e+01,1.254515337224188087e+01,1.543643343355369524e+01,1.916865296630767190e+01,2.393092657274196355e+01,2.980041904257193863e+01,3.647601472584083382e+01,4.452364734851051509e+01,5.421569822183882081e+01,6.604844660227624331e+01,7.989406590110658613e+01,9.582016721105088664e+01
1.742395555082216672e-04,1.442442806720686554e-05,1.907350451804216369e-06,5.960466253896608114e-07,4.768372718899988264e-07,5.960466253896608114e-07,1.430512497791890276e-06,4.887592815844338847e-06,2.121947867158421652e-05,2.021397793020188822e-04,2.083742493737272394e-03,1.465964183663049335e-02,7.474785388210505865e-02,2.593822303880434776e-01,5.786639983804000575e-01,9.526106868436193809e-01,1.234028247491667729e+00,1.487635242078624742e+00,1.761917294577273863e+00,2.123573798541602109e+00,2.439754653469638157e+00,2.737104434290960064e+00,2.995473682437875595e+00,3.212485179491661569e+00,3.372792963096406638e+00,3.415868031804552896e+00,3.394709260475043955e+00,3.288430876655978441e+00,3.281183608856997669e+00,3.217409623901791971e+00,3.238963442087725575e+00,3.221714165491690540e+00,3.255754517923747482e+00,3.483930896972981639e+00,4.010914971205047586e+00,4.846268700176595168e+00,5.933813871033470022e+00,7.134290394532118995e+00,8.697675662902408789e+00,1.078071525236640937e+01,1.333692813439911617e+01,1.640100279556644480e+01,2.005670329344378189e+01,2.468478623844834630e+01,3.031395675722862038e+01,3.710845503328526007e+01,4.531306100225862110e+01,5.519953920444813633e+01,6.671250920863225531e+01,8.024217224310439178e+01,9.575490848822572332e+01
1.192092966562091635e-07,-0.000000000000000000e+00,-0.000000000000000000e+00,-0.000000000000000000e+00,-0.000000000000000000e+00,2.384186075232764303e-07,5.960466253896608114e-07,1.907350451804216369e-06,1.931209138446295879e-05,3.511329977032678603e-04,4.799300939116454140e-03,4.084567274571912487e-02,1.933159844483802736e-01,5.708265942876034060e-01,1.012354344828187092e+00,1.424254796597989259e+00,1.761408382665221373e+00,2.041425719244489123e+00,2.265262403718760087e+00,2.569999222972459751e+00,2.825543806361953791e+00,3.044780615039550220e+00,3.192282731283319297e+00,3.276254362288058442e+00,3.373663242135086282e+00,3.334171459478923349e+00,3.087818544309233637e+00,2.839581704724146505e+00,2.645728505136614395e+00,2.698075307830675840e+00,2.761369568177442613e+00,2.839399185688191718e+00,2.902842196799997776e+00,3.067624128824187668e+00,3.675589802107175785e+00,4.738712750288438080e+00,6.014620089138805525e+00,7.389890049603158317e+00,9.242352775817826327e+00,1.161709753793996747e+01,1.440858883992687645e+01,1.776734364896361384e+01,2.175203210698171219e+01,2.636285935489793530e+01,3.173238728998277480e+01,3.818995095715556687e+01,4.627759946603238461e+01,5.609453582994673582e+01,6.762376411192487069e+01,8.079900353309766103e+01,9.605636388460968078e+01
-0.000000000000000000e+00,-0.000000000000000000e+00,-0.000000000000000000e+00,-0.000000000000000000e+00,-0.000000000000000000e+00,1.192092966562091635e-07,2.384186075232764303e-07,2.384188633191085691e-06,5.889112308623493247e-05,1.393991307615749303e-03,2.037160221727124867e-02,1.330061241734070421e-01,5.154813953008461347e-01,1.083099416397629966e+00,1.648454917661407837e+00,2.097998246365265551e+00,2.328329966209749191e+00,2.620239485891563191e+00,2.859437272596860424e+00,2.979770721392007271e+00,3.094356159320305721e+00,3.282698710613691340e+00,3.343925884337031196e+00,3.309694682907716068e+00,3.305595796572637912e+00,3.120496914693726698e+00,2.731507705177452561e+00,2.279724173624335659e+00,1.960806919670071702e+00,1.999561558755544866e+00,2.076027381256133619e+00,2.118787198742102973e+00,2.258412404618049152e+00,2.563049231783551374e+00,3.173922090116737760e+00,4.266474531174049289e+00,5.891240446735803715e+00,7.757425984979198219e+00,9.997685961964680956e+00,1.251646947953043032e+01,1.577608691144022934e+01,1.942787212747801817e+01,2.357864597089803027e+01,2.859490669301978727e+01,3.425014117294283267e+01,4.064357041779187796e+01,4.839961628119878156e+01,5.792533873473485784e+01,6.936500549160528806e+01,8.255472562695759109e+01,9.761944768767223479e+01
-0.000000000000000000e+00,-0.000000000000000000e+00,-0.000000000000000000e+00,-0.000000000000000000e+00,-0.000000000000000000e+00,-0.000000000000000000e+00,3.576279326012052150e-07,1.370916226847547845e-05,4.479099929031898669e-04,9.734892807490602359e-03,1.089708144922658800e-01,4.788214410496398621e-01,1.171519604433098216e+00,1.971164738378053061e+00,2.531063892215455358e+00,2.844081785075255997e+00,2.977849080813680605e+00,3.209208565994159823e+00,3.306383776280791054e+00,3.288917019206380576e+00,3.309249713274853288e+00,3.402502740528001279e+00,3.398654032621778676e+00,3.365110007468468556e+00,3.251740898902995003e+00,2.835676676492235426e+00,2.356553439186152232e+00,1.810209189169698307e+00,1.461653942605369627e+00,1.428161868278519986e+00,1.377482605224292334e+00,1.376159105366402846e+00,1.547466753968465003e+00,1.965131241097773040e+00,2.687848664271587307e+00,3.764153287017658833e+00,5.647693926120306074e+00,7.978828080299993353e+00,1.052024366795269295e+01,1.355108063354635561e+01,1.701448249524412759e+01,2.108664020845418108e+01,2.555840346625303994e+01,3.077048279024373656e+01,3.692307350926123632e+01,4.392588447709638899e+01,5.207944485560142311e+01,6.167984770176266807e+01,7.270253756290154001e+01,8.587818909436482784e+01,1.011994883617520173e+02
-0.000000000000000000e+00,-0.000000000000000000e+00,-0.000000000000000000e+00,-0.000000000000000000e+00,-0.000000000000000000e+00,-0.000000000000000000e+00,3.337865678089319263e-06,1.260121582537076363e-04,3.476755777673040757e-03,6.077079426396669176e-02,4.437135629443437201e-01,1.275486610500238704e+00,2.182737855180951314e+00,2.892255159612826088e+00,3.359645723010682428e+00,3.466033851196529625e+00,3.569097450065266575e+00,3.601160904536223395e+00,3.577936836806173027e+00,3.472126705772180522e+00,3.450290757782819462e+00,3.458995450938724403e+00,3.398874665645461146e+00,3.294850426438244995e+00,2.993646038613761107e+00,2.458910324901054434e+00,1.975585756250948677e+00,1.414101273219344757e+00,1.086810273303656649e+00,1.019057715434391165e+00,8.911558430589850976e-01,8.665078939173733730e-01,9.840507029462363109e-01,1.367261649981320382e+00,1.979191714854405371e+00,3.354525419932416153e+00,5.587914354376872339e+00,8.188565893846394772e+00,1.122356569404822935e+01,1.449607199270538160e+01,1.826776145000061291e+01,2.279401967867936207e+01,2.787437009570318480e+01,3.335056730861601437e+01,3.982638179549712731e+01,4.737879949842475469e+01,5.598542415091512936e+01,6.619212348621454112e+01,7.791007993491373895e+01,9.119669294897657608e+01,nan
-0.000000000000000000e+00,-0.000000000000000000e+00,-0.000000000000000000e+00,-0.000000000000000000e+00,-0.000000000000000000e+00,8.344653750216029254e-07,5.924877208057067286e-05,1.555758304994033468e-03,3.112691142769601418e-02,3.003348657435007674e-01,1.273463813699962754e+00,2.463124206318513476e+00,3.347229396069324459e+00,3.822562526517360393e+00,4.154219777249751111e+00,4.127151275653949902e+00,4.095525490815064451e+00,3.842728180183430542e+00,3.728859103104879669e+00,3.621653582760322010e+00,3.543930271004608556e+00,3.448947750861173667e+00,3.335315491313665781e+00,3.128972514332750698e+00,2.704510651990487791e+00,2.018210118351534188e+00,1.552424312768803993e+00,1.086311440189115407e+00,7.842442186755713696e-01,6.948700459817360731e-01,5.050755964676045817e-01,4.597690871841906279e-01,5.938427856230709123e-01,8.644573082559682264e-01,1.437195609095135218e+00,2.831297483001342208e+00,5.163516106377641357e+00,8.093078760003406202e+00,1.169622614250772585e+01,1.569062875449892580e+01,1.998857070354854670e+01,2.477342896288467600e+01,3.027472718404341734e+01,3.635865792839571498e+01,4.328235622066409860e+01,5.133415604076586902e+01,6.050020220524771730e+01,7.120602420922867282e+01,8.345431521463871150e+01,9.751687852065167306e+01,nan
-0.000000000000000000e+00,-0.000000000000000000e+00,-0.000000000000000000e+00,-0.000000000000000000e+00,1.192092966562091635e-07,2.014657287491847595e-05,9.801421239247218656e-04,1.895432435364381371e-02,2.268208925889527994e-01,1.099321865433317447e+00,2.435827547017576755e+00,3.725370635437718292e+00,4.500805744491790605e+00,4.775218978524631730e+00,5.002643018073677617e+00,4.839790913259316874e+00,4.544884831749810061e+00,4.108024723267825529e+00,3.782642972496908840e+00,3.646167918996141566e+00,3.546964069409279663e+00,3.432880355518022064e+00,3.140978527161949696e+00,2.789647529098797651e+00,2.263274168268231801e+00,1.627964150803413723e+00,1.210184242899078999e+00,8.395882609668251506e-01,5.951417163104365526e-01,4.219160702730395118e-01,2.686326359058603952e-01,2.209086263661279859e-01,2.984467856576408229e-01,5.311923594879567334e-01,1.045543774336942677e+00,2.249462091029749367e+00,4.680881354082054635e+00,7.837575109158853692e+00,1.181448307788510377e+01,1.652679852641875158e+01,2.147076952199483557e+01,2.690787914711757978e+01,3.285896686441886061e+01,3.960711679644369809e+01,4.709447094474471385e+01,5.566689306044262509e+01,6.560964964759797624e+01,7.701789859896689450e+01,8.999717758985215710e+01,nan,nan
-0.000000000000000000e+00,-0.000000000000000000e+00,-0.000000000000000000e+00,-0.000000000000000000e+00,3.218655997738752207e-06,3.919773524839656855e-04,1.262398014777324322e-02,2.071113886895518397e-01,1.252456200644455730e+00,2.636552023941730827e+00,3.908674389273604444e+00,4.921661445122468947e+00,5.580031261601187786e+00,5.901160719929651854e+00,5.941464675157310360e+00,5.582548477553954669e+00,4.971199210681544578e+00,4.294122397602363250e+00,3.781226930197210123e+00,3.565158347904713754e+00,3.437071829631789921e+00,3.209853136209210867e+00,2.815324512408493796e+00,2.369206540329695798e+00,1.884746790296430108e+00,1.388468178964586963e+00,1.013684004619824996e+00,6.488010533648984612e-01,4.209652680790849089e-01,2.468313918195387535e-01,1.483949929379469179e-01,1.045941214898683524e-01,1.346870278304998225e-01,2.889163320923416878e-01,6.857839757046565454e-01,1.815234112259767496e+00,4.031550764327052505e+00,7.451410916543799168e+00,1.185195161773925498e+01,1.679794808911280413e+01,2.259848286139889595e+01,2.894459156748624551e+01,3.562290955871529974e+01,4.287232974983236033e+01,5.107672111043768837e+01,6.027895733373773623e+01,7.079914860996483128e+01,8.294820407276230867e+01,9.671507437689972164e+01,nan,nan
-0.000000000000000000e+00,-0.000000000000000000e+00,-0.000000000000000000e+00,3.576279326012052150e-07,8.547671363811358872e-05,5.371667077593146426e-03,1.259861885804170745e-01,1.018199440471356576e+00,2.749000096742701071e+00,4.370028866623752783e+00,5.489902070736668804e+00,6.230882967321953458e+00,6.761293984590307282e+00,7.081122817500672184e+00,6.905355998311287991e+00,6.291505163469247819e+00,5.450716156605081686e+00,4.558559219325423406e+00,3.898494545071338635e+00,3.462827733473391234e+00,3.276916009563242582e+00,2.834012503374708114e+00,2.412116480379014050e+00,2.050952171658912082e+00,1.674386359117144174e+00,1.262409614947686221e+00,8.798218271997463313e-01,4.802722165705574642e-01,2.726934528671300928e-01,1.480192894789257030e-01,8.178203257735207343e-02,5.121845885065382659e-02,5.643822838820263671e-02,1.133086011275881433e-01,3.256565824075996485e-01,1.300874720744079616e+00,3.523764010927412205e+00,6.986099742545914815e+00,1.145711850292754796e+01,1.699782717031606438e+01,2.322782935345251332e+01,3.036213682706105388e+01,3.820969392868472880e+01,4.641630935952296255e+01,5.550519557835085749e+01,6.558619693013211815e+01,7.657962032378981121e+01,8.948645053897928392e+01,nan,nan,nan
-0.000000000000000000e+00,-0.000000000000000000e+00,-0.000000000000000000e+00,5.722062269404581958e-06,8.262828403149232370e-04,3.953724483441962284e-02,5.693379511204994525e-01,2.095905804164369002e+00,3.842801002686345946e+00,5.242867247551383336e+00,6.402291845653748759e+00,7.287882837968943761e+00,7.841533681829093716e+00,8.267988234190100982e+00,7.647864127314269567e+00,6.884986214948752625e+00,5.810283881462744660e+00,4.874477698713796769e+00,3.934880164011729242e+00,3.286045534918862643e+00,2.994784100389511039e+00,2.330439732179154788e+00,1.962907645553663594e+00,1.835686955399188136e+00,1.569325083115156172e+00,1.133854515409718600e+00,7.658528504923165503e-01,3.834906633253062358e-01,1.661407193550426542e-01,8.132100586484983240e-02,4.186968252017989056e-02,2.359177853930609359e-02,1.995055550767849822e-02,3.734931543898172696e-02,9.762031476524646312e-02,5.848291923721967711e-01,2.777850671411826511e+00,6.485144267997522860e+00,1.112461743040588225e+01,1.682835827812678176e+01,2.358567439850950365e+01,3.103159332923188529e+01,3.992565156828287343e+01,4.955825810603347037e+01,5.996947859918167723e+01,7.107951358557400567e+01,8.278530129616558497e+01,9.590242177710562999e+01,nan,nan,nan
-0.000000000000000000e+00,-0.000000000000000000e+00,1.192092966562091635e-07,3.659792158785227136e-05,3.982237095753467238e-03,1.375995843102985616e-01,1.126789463311104411e+00,2.886207853088096353e+00,4.555936026059359101e+00,6.026701764985696208e+00,7.190768904252651694e+00,8.210141273246380322e+00,8.955092627480743417e+00,9.107027845593487214e+00,8.368205484241611813e+00,7.262533822904760683e+00,6.015858698127807713e+00,4.870034863213501097e+00,3.770744479844918562e+00,3.025953445347805193e+00,2.459726816702954455e+00,1.891181124309928130e+00,1.640616060992158509e+00,1.668585801564452353e+00,1.455475256104197479e+00,9.941853282920997126e-01,5.812034481644706707e-01,2.521505370215640363e-01,9.483485038174076232e-02,3.919290916512093575e-02,1.786253989661429689e-02,9.504400393431847519e-03,7.625853444419180421e-03,1.002124680167314555e-02,2.551263328052214355e-02,1.835865949749936887e-01,1.689159406392237273e+00,5.590244486427697446e+00,1.057411553632734069e+01,1.666650787008550338e+01,2.353157806980600952e+01,3.158675005530299629e+01,4.104630659333781750e+01,5.184466931294316083e+01,6.379606246097498001e+01,7.622076414224274288e+01,8.939759789763250808e+01,1.032789299034318447e+02,nan,nan,nan
-0.000000000000000000e+00,-0.000000000000000000e+00,3.576279326012052150e-07,8.976862411411332089e-05,5.989811728253532398e-03,1.940375274270074724e-01,1.554465138933229573e+00,3.384378282883940159e+00,4.958373573397969913e+00,6.619247678685590941e+00,7.912575834034472955e+00,8.858411293712602941e+00,9.538484611585992923e+00,9.587401976378270518e+00,8.747564110709134866e+00,7.416948009067355407e+00,6.014305221434006476e+00,4.647559729128700745e+00,3.430849956464724571e+00,2.482787686279442685e+00,1.886355968268668359e+00,1.520251932606376366e+00,1.487244231569349262e+00,1.474274446680347017e+00,1.197796372614528426e+00,8.063266174377886619e-01,4.172258034702872598e-01,1.466647496440066645e-01,4.278157564943545210e-02,1.319957540253289228e-02,5.488469053998595686e-03,2.972605918902057436e-03,2.447498373646727482e-03,2.919700169227349915e-03,5.885422052351636443e-03,4.282139081499994337e-02,6.280538791973655499e-01,4.273775786744598904e+00,9.690392719736300009e+00,1.596014800231022335e+01,2.350673670398755277e+01,3.192243577998556603e+01,4.169393159945956029e+01,5.329384997185273676e+01,6.650769050711795671e+01,8.062249755778231020e+01,9.547672058718472954e+01,nan,nan,nan,nan
-0.000000000000000000e+00,-0.000000000000000000e+00,4.768372718899988264e-07,8.786110607286672200e-05,6.999734238923481337e-03,2.354006439231548231e-01,1.706019029814220822e+00,3.545435917656427183e+00,5.577882489249585518e+00,7.460071260643478475e+00,8.563186013361137938e+00,9.285345892044615468e+00,9.895683430928155389e+00,9.742560785060462081e+00,8.895781540820953737e+00,7.514160223494239510e+00,5.895677226085592970e+00,4.441416511672897194e+00,3.175611504900052395e+00,2.404578614125072455e+00,1.818137003892079440e+00,1.476219683214994749e+00,1.338931798733824730e+00,1.140798878690938878e+00,8.373259497380323158e-01,5.208567241614225907e-01,2.314084017886301747e-01,7.013217758120313117e-02,1.670188023589684254e-02,3.638800254121953709e-03,1.246036219444020959e-03,6.448320927792219361e-04,5.368839225867275437e-04,7.814837533259470044e-04,1.346063159957559124e-03,7.056577943331956461e-03,1.256608463623873073e-01,2.435534079451934897e+00,8.127370722204735998e+00,1.486861453528439370e+01,2.259333042294214877e+01,3.154312139129505965e+01,4.226676566519813605e+01,5.440279771643442075e+01,6.845854954540099868e+01,8.398687740330322526e+01,1.005063411811920702e+02,nan,nan,nan,nan
-0.000000000000000000e+00,-0.000000000000000000e+00,4.768372718899988264e-07,1.127783471537687003e-04,7.325834105454089723e-03,2.530901532293020062e-01,2.018138134177257736e+00,4.329155606369142539e+00,6.535283064987550183e+00,8.293312373388710412e+00,9.125107255874608470e+00,9.658876683992478007e+00,9.946951062591525172e+00,9.681795191856421567e+00,8.765277519253972471e+00,7.432257390267338337e+00,6.203468150438639306e+00,5.427344607071227678e+00,4.652631266959247114e+00,4.195740506232123579e+00,3.149044727043780689e+00,2.010415212678659636e+00,1.205389178805704731e+00,7.561442902867752114e-01,4.713898014832899608e-01,2.398003246806447164e-01,9.284930918879986950e-02,2.371634351186405545e-02,4.456481483794029128e-03,8.509202108823563006e-04,2.218134820008123493e-04,1.130167926512679494e-04,9.024550419296068458e-05,1.388884668832656799e-04,2.506689461158282664e-04,1.042313000898378817e-03,1.584590898483198215e-02,7.985317635383999413e-01,6.022693562605794249e+00,1.331125043883551662e+01,2.150074767767802086e+01,3.073941039180252233e+01,4.200688934903684668e+01,5.498976135030397927e+01,6.961294555665212158e+01,8.660802465994090937e+01,nan,nan,nan,nan,nan
-0.000000000000000000e+00,-0.000000000000000000e+00,3.576279326012052150e-07,1.062211182529853508e-04,1.131335721107298506e-02,4.414755855663102802e-01,2.466669069060437813e+00,4.950758256279994107e+00,7.134313829977925181e+00,8.668036047812391232e+00,9.602356807033753938e+00,9.941196538499612601e+00,9.905370038086971363e+00,9.602529112133957767e+00,9.027826288633923113e+00,8.849408574414065143e+00,8.944192609271889083e+00,8.712704017077665952e+00,7.941771247772041242e+00,7.096985516900624624e+00,5.403749329203325402e+00,3.297297482297636417e+00,1.307155117665344868e+00,4.472092800071422736e-01,1.953397776040097511e-01,7.676821486060329824e-02,2.430978117128593588e-02,4.866441444484482202e-03,8.275952273154200478e-04,1.355501487255659219e-04,3.039883087522667586e-05,1.382837319940257814e-05,1.049047250528302958e-05,1.204021072767518605e-05,2.872985147996904789e-05,1.401999520657188009e-04,1.603039801061015594e-03,1.105419967054660918e-01,3.677664691066526270e+00,1.125814591515760377e+01,1.990098571820531959e+01,2.985390478274849002e+01,4.153548425994149795e+01,5.507363899086880821e+01,7.059355934674117350e+01,8.833469403923157870e+01,nan,nan,nan,nan,nan
-0.000000000000000000e+00,-0.000000000000000000e+00,2.384186075232764303e-07,1.103938953058650879e-04,1.436101217443836592e-02,5.606122778808484419e-01,2.680573251774974519e+00,5.295050807448814290e+00,7.413044845896612500e+00,8.956970111356010733e+00,1.001869041612351197e+01,1.026028512914186308e+01,1.011985611313083311e+01,1.079417572032670414e+01,1.216845645948804844e+01,1.291492250364583327e+01,1.293072219495984854e+01,1.264751464912821000e+01,1.176432106172751091e+01,1.034844427017427293e+01,7.816964739802445550e+00,4.916880939586960153e+00,1.861338538976859747e+00,2.506089326624855174e-01,6.085282188287031296e-02,1.447003976484583822e-02,3.962788479580241045e-03,7.833925949251417534e-04,1.183818313764283979e-04,1.978893786516904490e-05,2.741817418445911629e-06,9.536747711538899365e-07,5.960466253896608114e-07,5.960466253896608114e-07,1.788140941984780034e-06,1.204021072767518605e-05,1.827049257650865022e-04,1.006152473143514560e-02,1.676204153169017275e+00,8.919277415569618839e+00,1.804821781522373314e+01,2.853009792306938408e+01,4.075482177565085351e+01,5.505593108297683358e+01,7.165379340301487332e+01,9.006463659829803703e+01,nan,nan,nan,nan,nan
-0.000000000000000000e+00,-0.000000000000000000e+00,1.192092966562091635e-07,7.629685584358388483e-05,1.501928901604111972e-02,6.397775517979338300e-01,2.709655733392650756e+00,5.398857343822417221e+00,7.685094473374561197e+00,9.425405249642734518e+00,1.064501825008533942e+01,1.099697959097360922e+01,1.288809526548866913e+01,1.517868289981834273e+01,1.690227668109816506e+01,1.751499273910732413e+01,1.763058966111564629e+01,1.694175360283021092e+01,1.560785520494540179e+01,1.355274216851209523e+01,1.032515839288434911e+01,6.514142990519782295e+00,2.580140484917161192e+00,1.944774798949169270e-01,1.220533755328780286e-02,2.103393519591636486e-03,4.184525407321505004e-04,9.704107002667012617e-05,1.406679510389052583e-05,1.788140941984780034e-06,2.384186075232764303e-07,-0.000000000000000000e+00,-0.000000000000000000e+00,-0.000000000000000000e+00,-0.000000000000000000e+00,4.768372718899988264e-07,1.263626452963716191e-05,8.253283781236462821e-04,3.072543662456306279e-01,6.462240637897233242e+00,1.581089031797092836e+01,2.692942046780626342e+01,3.971468353583441768e+01,5.455429840599161651e+01,7.235503385280273392e+01,9.213599623076275691e+01,nan,nan,nan,nan,nan
-0.000000000000000000e+00,-0.000000000000000000e+00,1.192092966562091635e-07,5.769896069559631924e-05,1.210765737302248179e-02,3.396192540604128784e-01,2.318404872122604043e+00,5.128872314824068468e+00,7.709308458037582135e+00,9.849467693498008103e+00,1.147539915219896756e+01,1.479382885995348396e+01,1.801475392535407138e+01,2.035462689281043680e+01,2.207117156150313875e+01,2.277256207987092296e+01,2.267408370466301903e+01,2.160293963039486442e+01,1.956842043112639473e+01,1.682864592505939783e+01,1.301222352878944477e+01,8.128921796773681763e+00,3.387958902415969309e+00,1.915920045507656932e-01,2.005261700288421371e-03,2.321870447259043678e-04,3.480971840004581648e-05,7.867844061755479627e-06,1.072884181497058874e-06,1.192092966562091635e-07,-0.000000000000000000e+00,-0.000000000000000000e+00,-0.000000000000000000e+00,-0.000000000000000000e+00,-0.000000000000000000e+00,-0.000000000000000000e+00,4.768372718899988264e-07,4.184333605250000821e-05,1.450940872100179788e-02,3.582172095431167769e+00,1.302893289651369102e+01,2.506469723863204990e+01,3.845018005012181561e+01,5.413835909413106151e+01,7.257141120439018778e+01,9.384408690410383258e+01,nan,nan,nan,nan,nan
-0.000000000000000000e+00,-0.000000000000000000e+00,-0.000000000000000000e+00,2.372293000708442252e-05,3.033944223885656332e-03,1.083061004373480907e-01,1.803716039767199186e+00,5.030588535510729820e+00,8.023653091605448040e+00,1.144365503098007153e+01,1.621700248832091518e+01,2.019363164666565424e+01,2.358702833299837920e+01,2.602487949145310964e+01,2.750403788132040361e+01,2.822806550854615182e+01,2.775965309844234952e+01,2.653602408923866918e+01,2.396205895449384116e+01,2.024439809400708157e+01,1.570594048604203863e+01,9.872562877763392919e+00,4.364999636646497372e+00,2.156585282531252590e-01,4.390845923029933944e-04,2.419977859108851992e-05,3.099446331599131347e-06,4.768372718899988264e-07,-0.000000000000000000e+00,-0.000000000000000000e+00,-0.000000000000000000e+00,-0.000000000000000000e+00,-0.000000000000000000e+00,-0.000000000000000000e+00,-0.000000000000000000e+00,-0.000000000000000000e+00,-0.000000000000000000e+00,1.192093606051113019e-06,4.227458805516138077e-04,8.405485772670292510e-01,1.029029427954849574e+01,2.272563174386682761e+01,3.688365176008092305e+01,5.317071531071522372e+01,7.291052249992895895e+01,9.500151790448285283e+01,nan,nan,nan,nan,nan
