9.619726629685027008e-01,9.095358638862015566e-01,8.581442856171708211e-01,8.084975232130778844e-01,7.748313508714698150e-01,7.564468199737365284e-01,7.474119544466091281e-01,7.471878913601782690e-01,7.522632780539753039e-01,7.566133932198483292e-01,7.539163280062540773e-01,7.453600137645401968e-01,7.361385501920866270e-01,7.288902042238658563e-01,7.260318269474569375e-01,7.260929333428269850e-01,7.291727349285630488e-01,7.363586572015726750e-01,7.348971630757872298e-01,7.177169763813485703e-01,6.977048489240186280e-01,6.804816326557053818e-01,6.734924257892784816e-01,6.728012654566840611e-01,6.744738408481254499e-01,6.861024652314281491e-01,7.026133712874281789e-01,7.240432269550167721e-01,7.567497588066065539e-01,7.902578603923233747e-01,8.211919731275911793e-01,8.379687906790123098e-01,8.242834297632817275e-01,8.393066924399240625e-01,8.786061402025712175e-01,9.054453693649145984e-01,9.118896721462192989e-01,9.492892473662510877e-01,9.941957987321949908e-01,1.039325865675254645e+00,1.083917908696753862e+00,1.127358594321757224e+00,1.176132196039151090e+00,1.225220964665573842e+00,1.272243545347086169e+00,1.312703857086558790e+00,1.370266348463440309e+00,1.430901785207274513e+00,1.487306279195768743e+00,1.544324394168725911e+00,1.611025012390106426e+00
8.459759584055649428e-01,7.906739190535950756e-01,7.394880179794872666e-01,6.995658777769814263e-01,6.713087511233266635e-01,6.542164310192094545e-01,6.471922411179049650e-01,6.462786306145255066e-01,6.491609090136308824e-01,6.519875660377845161e-01,6.493331836970258619e-01,6.388612028014235555e-01,6.275724705132535997e-01,6.200375649864324767e-01,6.166229646730830849e-01,6.154514664314052474e-01,6.167866311741294627e-01,6.214883883368591544e-01,6.225187924522093130e-01,6.115006890811599538e-01,5.954971477617972964e-01,5.824170078657310290e-01,5.746178024604516876e-01,5.716013584992031271e-01,5.714402779970267909e-01,5.787757406957203532e-01,5.915709626724505732e-01,6.102507900664816409e-01,6.418430918294850684e-01,6.758980901587110512e-01,7.028877310294119329e-01,7.204504541362150016e-01,7.182598840154232889e-01,7.345360368102662463e-01,7.769151747965029609e-01,8.035865959540720027e-01,8.141573468789120582e-01,8.513718601590477553e-01,8.926580530658085877e-01,9.343719976185606013e-01,9.775259419155652996e-01,1.020364162197064717e+00,1.069514862194883564e+00,1.118463127747338914e+00,1.158559126222010294e+00,1.198600056546404335e+00,1.255960694264336430e+00,1.314370506773467451e+00,1.370675505490107415e+00,1.430769418540946303e+00,1.503827103495355422e+00
7.397161697054950302e-01,6.846351321091085351e-01,6.428442486366242603e-01,6.091989635273419301e-01,5.850060319414579491e-01,5.693605967194572681e-01,5.592546936939408742e-01,5.556244413147016781e-01,5.557595108528611272e-01,5.555327083315861891e-01,5.504288891149139440e-01,5.402144370820535224e-01,5.286308035199558386e-01,5.205840301870822140e-01,5.171901128811497994e-01,5.152247306505617352e-01,5.136153929161324516e-01,5.150399569230242891e-01,5.145432724313311335e-01,5.098328649136357749e-01,4.993887309826554599e-01,4.883661547652362600e-01,4.803277167276776005e-01,4.760945672463449685e-01,4.773931348713040812e-01,4.840874032790588588e-01,4.959650565806661415e-01,5.146403957368226312e-01,5.473303797930069159e-01,5.807196721275654783e-01,6.031161468595297448e-01,6.198928642463670258e-01,6.248493022643247796e-01,6.408436151415056736e-01,6.816214693365865163e-01,7.060826160515761840e-01,7.190585579486037382e-01,7.544631571632063327e-01,7.933688561542637796e-01,8.306210585671930380e-01,8.717671625378190514e-01,9.148625669161329910e-01,9.622212426163355703e-01,1.009725512459212382e+00,1.046638875846334971e+00,1.091827967432337898e+00,1.144963645896866167e+00,1.201589731774550973e+00,1.259454305431955135e+00,1.325834570248600297e+00,1.407381048017779079e+00
6.484368812805584303e-01,6.001755632308310995e-01,5.617926223696140253e-01,5.306591148235160205e-01,5.097462299624522242e-01,4.951219191242691720e-01,4.827577097414330609e-01,4.742853390010823289e-01,4.702116472483883203e-01,4.672076492178354745e-01,4.613951587967515811e-01,4.542350545864674571e-01,4.449058104383694645e-01,4.368293342463197559e-01,4.309250053199042418e-01,4.284073678970263810e-01,4.249831243920328960e-01,4.212076522211744001e-01,4.171316341904892089e-01,4.131404529741806719e-01,4.074334310188150732e-01,3.994454018418090446e-01,3.926430783856713069e-01,3.897948493127799119e-01,3.933812704808734573e-01,4.029622252493522683e-01,4.154541758761668979e-01,4.327693005018609651e-01,4.631704915321869231e-01,4.948696443969279879e-01,5.177835426293945220e-01,5.350945693773885292e-01,5.441115133679859106e-01,5.571112105920819069e-01,5.919778099707803110e-01,6.093735881765974804e-01,6.218071328590554225e-01,6.547459451350127191e-01,6.919673472426556282e-01,7.275368571846625443e-01,7.677345347926182173e-01,8.096305846120053218e-01,8.560557619204001156e-01,8.994285552828972241e-01,9.395086492971901349e-01,9.897155380917163070e-01,1.040719914360496157e+00,1.095790001628236920e+00,1.156419878030746196e+00,1.228487887823431546e+00,1.316415156163128986e+00
5.739816374658590625e-01,5.313758833080385324e-01,4.940591781683695838e-01,4.658618277346551761e-01,4.450027249933838358e-01,4.294096880714180497e-01,4.153703767790350998e-01,4.030807571080050056e-01,3.944287426620286530e-01,3.892810509018369558e-01,3.838700654762307596e-01,3.782188011230458446e-01,3.717880139703965692e-01,3.644249939146000927e-01,3.573131897517385913e-01,3.532197803543695724e-01,3.488686905072293509e-01,3.419874360088196452e-01,3.348404967337295646e-01,3.304890093489140090e-01,3.271508416267956409e-01,3.232876798286986042e-01,3.189772117929267070e-01,3.190146861753571650e-01,3.234525651658158862e-01,3.330588246565892030e-01,3.447121972763159681e-01,3.593593221636524615e-01,3.859946460411240454e-01,4.159638039002980792e-01,4.423377443527998221e-01,4.603264642462530087e-01,4.712579250674386877e-01,4.812529802257698441e-01,5.076144786469968251e-01,5.188543869486115234e-01,5.295822420859954693e-01,5.591072661172100666e-01,5.932127220083194263e-01,6.278899218473531496e-01,6.641304344313678776e-01,7.067972349793419928e-01,7.547620089691945422e-01,7.931177887955125350e-01,8.371773163030910014e-01,8.888155584673339549e-01,9.408434844958418752e-01,9.931055288073705745e-01,1.054768683547256725e+00,1.131020193163986054e+00,1.225309149872425563e+00
5.066621369300257083e-01,4.698941534269082676e-01,4.362577897403758787e-01,4.088724541945987778e-01,3.880669877196416540e-01,3.711684735745270913e-01,3.552070398219958069e-01,3.401552223284488030e-01,3.287784117991315869e-01,3.218546852363318167e-01,3.170316222961431785e-01,3.116977974703082355e-01,3.053509238288399930e-01,2.983737656417295159e-01,2.914830032766471124e-01,2.866720058568863472e-01,2.820915540922097065e-01,2.747499100618748802e-01,2.679799787015758605e-01,2.638961560178409993e-01,2.605160539037615353e-01,2.603137451863112295e-01,2.605807147087476627e-01,2.627694256605614953e-01,2.671243672581805062e-01,2.753241061217721608e-01,2.853078598926282461e-01,2.977472497712764232e-01,3.203631399312530936e-01,3.483230509099219940e-01,3.755147267884407780e-01,3.918959931589027779e-01,4.027250253484704334e-01,4.128026506480235169e-01,4.325618529502980869e-01,4.401949400038063231e-01,4.498959848877181478e-01,4.735391343275420217e-01,5.043401180958383412e-01,5.376171451473419349e-01,5.706105862109303040e-01,6.117563729812192097e-01,6.568338164062211826e-01,6.911564608737622573e-01,7.368561767110883842e-01,7.870986958592485205e-01,8.404660408332766952e-01,8.931939703245110884e-01,9.556683486821487827e-01,1.034865727588299977e+00,1.131288973374513729e+00
4.433249746193377860e-01,4.125414050290545087e-01,3.814828513307135793e-01,3.542271015372184251e-01,3.343208578672926534e-01,3.174341920356539282e-01,3.008319024121592355e-01,2.856455891680413361e-01,2.736579093965005316e-01,2.653272813852117218e-01,2.593522557745302493e-01,2.533802351775664152e-01,2.465980425636432327e-01,2.396757875567170903e-01,2.335478954474016211e-01,2.286092911567139119e-01,2.248674466895961566e-01,2.190563163950757231e-01,2.137497734541538852e-01,2.113035574628787661e-01,2.095655868046940318e-01,2.094205063439480152e-01,2.124092640826860112e-01,2.153654325765839150e-01,2.186296722665912462e-01,2.261945794639577678e-01,2.363813434058425478e-01,2.476853084773263103e-01,2.654244310680011765e-01,2.913580826381833022e-01,3.171291802376170477e-01,3.323175425738033040e-01,3.438897604411718101e-01,3.546365175329893593e-01,3.666746805994117175e-01,3.711560331180934758e-01,3.801606099296279129e-01,3.976452649736580969e-01,4.243510660925743916e-01,4.548685387620500786e-01,4.868585940622772723e-01,5.242438990963839140e-01,5.586464605122640759e-01,5.965006692574907898e-01,6.427484631470778975e-01,6.904270703593824443e-01,7.428843863163364647e-01,7.970214269576006982e-01,8.633564568763755220e-01,9.466334725206893008e-01,1.040375795874719511e+00
3.837425031063269043e-01,3.566729173828634969e-01,3.302173892027495672e-01,3.050963968648553459e-01,2.845263419081931477e-01,2.672011359831690802e-01,2.512097339455266476e-01,2.370835764117059097e-01,2.254953187019807515e-01,2.158037030531205491e-01,2.081772349998284311e-01,2.015945039532295591e-01,1.949965077970939598e-01,1.891081589151738795e-01,1.843753277371894816e-01,1.798033344956417590e-01,1.760058315611018609e-01,1.723738084186313968e-01,1.698501533511789230e-01,1.689468049912226100e-01,1.690840833834416912e-01,1.685201271563920855e-01,1.700546037726993753e-01,1.734944161340865876e-01,1.767808521610486072e-01,1.840543575804660659e-01,1.943329068688714745e-01,2.034903307146286588e-01,2.190177321490037743e-01,2.428691813144042699e-01,2.666642677289262076e-01,2.803158303425010711e-01,2.921069625750690180e-01,3.011632363888021025e-01,3.067849905686359513e-01,3.088987153162091603e-01,3.171749342621068557e-01,3.321891605006004888e-01,3.565023778376459895e-01,3.849587695707891721e-01,4.153226108238989855e-01,4.468137402808595171e-01,4.741147753471704474e-01,5.138623779243818301e-01,5.587838148613761824e-01,6.037621856443250445e-01,6.545379825055950285e-01,7.096739781258005753e-01,7.779415566858517428e-01,8.605557806229375828e-01,9.539484386238966662e-01
3.255517508791986314e-01,3.027874257547913395e-01,2.816376309022031732e-01,2.611500030209077394e-01,2.412270171523619999e-01,2.238735871938761501e-01,2.083623644922706908e-01,1.947204849563527740e-01,1.830778203197548359e-01,1.729586493668559544e-01,1.645874974335278518e-01,1.574868568253282308e-01,1.515171616246938080e-01,1.462436084611228593e-01,1.422171964204824446e-01,1.390770990282509667e-01,1.363077788168375049e-01,1.344641122361331931e-01,1.331342661369024627e-01,1.320825852137009482e-01,1.328479779598571997e-01,1.331562602715511134e-01,1.339991430156914909e-01,1.372180686600589783e-01,1.412067203294273265e-01,1.474271605204004465e-01,1.561155388631811081e-01,1.642730259022372186e-01,1.792755157620144757e-01,2.002723641154614820e-01,2.206020973477164915e-01,2.343182827596907991e-01,2.454427783319094170e-01,2.533255600426906895e-01,2.558909837156176370e-01,2.569217423441051418e-01,2.655194137220791561e-01,2.789690666973520528e-01,3.009791126100652692e-01,3.272791572357469647e-01,3.560882827853822374e-01,3.818451633743933371e-01,4.066571363267127426e-01,4.431996258012687595e-01,4.841083917540172088e-01,5.276493547420340047e-01,5.760678862254769994e-01,6.302715057573011759e-01,6.975522342935355224e-01,7.762805358729129024e-01,8.666196897653692943e-01
2.729566220448906844e-01,2.536549615406634706e-01,2.348065496131372110e-01,2.174951403590490717e-01,2.008774721062172031e-01,1.848673379579575671e-01,1.705595507263667765e-01,1.579118533249807554e-01,1.469731101189450106e-01,1.377613569668520166e-01,1.298893431308159319e-01,1.228958273335804541e-01,1.172188506113866491e-01,1.127844379896688481e-01,1.096749469743245192e-01,1.079006053559073558e-01,1.059812190974208090e-01,1.046908764272913850e-01,1.034805916781367657e-01,1.018976207976023812e-01,1.022761274843419638e-01,1.036861270185927553e-01,1.055086375468602261e-01,1.085348201166708437e-01,1.125832280608545094e-01,1.185764720989671284e-01,1.253370963574055863e-01,1.335819386407205156e-01,1.470604513293142790e-01,1.656659947709896996e-01,1.827402359271609322e-01,1.954814524069482529e-01,2.049242752150388924e-01,2.119102223621105174e-01,2.143345131819064386e-01,2.139075899590613949e-01,2.218424687346831070e-01,2.348435618064730890e-01,2.557287102485976127e-01,2.800931498130841968e-01,3.052005614929386712e-01,3.263736109657414675e-01,3.508527313895959399e-01,3.813571640875414448e-01,4.166507040815788931e-01,4.576461966939757708e-01,5.043291625799209976e-01,5.571533505989835211e-01,6.224780268565446306e-01,6.963413036535671674e-01,7.805142112603807858e-01
2.285367019797732713e-01,2.111348143549385825e-01,1.929448537822312792e-01,1.765723196678794238e-01,1.620101474798956165e-01,1.481045102867468155e-01,1.355894263913509368e-01,1.247134753674416646e-01,1.151434661732036735e-01,1.071864414040927804e-01,1.007330307172673578e-01,9.559644823989971174e-02,9.176928838810589906e-02,8.941385693580558569e-02,8.755607334442616629e-02,8.594365857415656174e-02,8.413982897819274887e-02,8.260735416731164460e-02,8.086865744621236918e-02,7.909001382176250594e-02,7.913459137094849827e-02,8.087802812287707421e-02,8.337128961423044549e-02,8.684029378306637459e-02,9.096405233828182280e-02,9.624318322837982498e-02,1.021028970176078576e-01,1.103822380365710315e-01,1.220619110257260276e-01,1.372022750393345203e-01,1.505485907427179249e-01,1.625465303353610946e-01,1.701393209465144885e-01,1.763528812019247161e-01,1.803065908646383220e-01,1.790907737082048368e-01,1.864277712516820285e-01,1.989031727260512084e-01,2.170744935812141674e-01,2.384979216226726373e-01,2.593747366504324803e-01,2.797842557880507730e-01,3.040471876823939157e-01,3.296963338935631760e-01,3.608200171248462373e-01,3.978137404902125085e-01,4.389560557587193768e-01,4.869636380913894835e-01,5.511046407514575973e-01,6.208975591509483527e-01,6.951304042409467421e-01
1.869850332784238345e-01,1.710123469736033464e-01,1.551129927887354987e-01,1.407439579220036430e-01,1.288212020666715807e-01,1.181487472140785311e-01,1.080510696041329377e-01,9.899302791505325272e-02,9.091509295686796277e-02,8.423313348510479137e-02,7.936092889083615209e-02,7.601547916169976160e-02,7.346156242515483603e-02,7.159639966105291187e-02,7.021817374531572065e-02,6.831290302668437120e-02,6.667780117444203902e-02,6.559148670859053787e-02,6.400555924412452968e-02,6.265811857229358628e-02,6.287174386862574849e-02,6.488113963904046377e-02,6.753582932095354707e-02,7.072099970554081294e-02,7.376194911914109309e-02,7.764209871349553316e-02,8.334090497809951148e-02,9.001036346217182460e-02,9.972539913957739754e-02,1.121503903588288859e-01,1.222147907788246474e-01,1.335010117470891988e-01,1.402637158339984091e-01,1.463239172941648569e-01,1.517506407089488085e-01,1.506656955327217717e-01,1.567638706756433742e-01,1.671669984907092898e-01,1.829073320407689218e-01,2.016271715053259139e-01,2.191575329153307439e-01,2.409592481963801214e-01,2.639208346580988462e-01,2.874188929752095611e-01,3.151436400985774822e-01,3.462588199812361434e-01,3.807059382435969974e-01,4.277321851968768351e-01,4.872204265059873474e-01,5.504947279385002945e-01,6.156395420515956562e-01
1.499366122158046766e-01,1.367127964773314219e-01,1.242786635331558920e-01,1.131154950667385001e-01,1.035441186766201671e-01,9.519718770260764129e-02,8.722458927630338810e-02,7.973048271978853963e-02,7.332865631549240204e-02,6.834685515673706580e-02,6.488508285143949894e-02,6.239809802425624885e-02,6.022666864307427842e-02,5.803493004777846020e-02,5.572723001836060730e-02,5.323346816276598725e-02,5.159727407966544638e-02,5.090820960184948979e-02,5.030486042831200377e-02,5.028085437377078498e-02,5.106683492962908744e-02,5.313440006908572849e-02,5.573851075896971152e-02,5.851694069539956078e-02,6.062170491838529685e-02,6.337787394495290882e-02,6.808598944098913364e-02,7.296812840947233814e-02,7.998090950055823656e-02,9.017198807820048234e-02,9.867325692625539268e-02,1.082795981116678324e-01,1.142119488045408304e-01,1.200411123589764650e-01,1.256914630897271734e-01,1.256501003160958863e-01,1.307924477465123025e-01,1.398414223669530720e-01,1.538444681158867011e-01,1.701593177901229159e-01,1.866414582148861190e-01,2.082620878799593400e-01,2.290916298485223546e-01,2.515452611352284040e-01,2.751411468647811942e-01,3.006325428420383306e-01,3.329378310469415236e-01,3.771824265288186706e-01,4.300887537972796215e-01,4.851114191613384308e-01,5.446183802747074365e-01
1.204702527162367365e-01,1.099687147685640132e-01,1.002422987272214849e-01,9.168651444575298681e-02,8.390009123379872646e-02,7.698777298450987239e-02,7.098556130372564443e-02,6.540311445620808350e-02,6.043534282960648374e-02,5.653365083837731675e-02,5.384789691947706319e-02,5.164911584955758639e-02,4.934863679385276258e-02,4.684953601392420619e-02,4.423355210153111228e-02,4.201506955124775095e-02,4.074186425292396913e-02,3.999652289646627584e-02,3.962282016392290607e-02,3.999075347761826826e-02,4.096153872951462105e-02,4.285455059246665727e-02,4.539163834063088265e-02,4.782100347759710157e-02,4.937443650021345470e-02,5.193762108372917963e-02,5.549742051065229692e-02,5.940385574164911558e-02,6.428684636907924799e-02,7.180201664255100868e-02,7.905621104265476984e-02,8.642846177090486581e-02,9.155991688629079583e-02,9.649745187790036149e-02,1.015097571887572520e-01,1.034952005473137038e-01,1.084476573342733480e-01,1.169015735388347910e-01,1.296416411927510115e-01,1.420992904145189917e-01,1.584663649284256959e-01,1.784039410369902545e-01,1.987644297848665809e-01,2.205646424357344815e-01,2.403093154792942387e-01,2.626972595289793766e-01,2.921068827497746989e-01,3.302173062765665357e-01,3.758130827607413238e-01,4.244849179158903252e-01,4.778203745081128218e-01
9.857780602345321552e-02,8.990419330652890673e-02,8.203853795788329517e-02,7.522198886449361910e-02,6.927287795908963763e-02,6.394023772210222223e-02,5.934452649607074859e-02,5.509432598148120835e-02,5.088632140768515472e-02,4.754243421651357937e-02,4.507957483878893834e-02,4.283669519104394557e-02,4.041902166617127035e-02,3.805918801080220015e-02,3.582364149679566345e-02,3.431429418526135700e-02,3.353514068165404372e-02,3.295142009747024231e-02,3.259043933574638785e-02,3.286105489726291740e-02,3.341477010654876623e-02,3.435451389592297095e-02,3.596339447159289937e-02,3.757536281106995529e-02,3.923648705088192412e-02,4.186682347454796782e-02,4.491136037630042571e-02,4.827559557376603916e-02,5.191884939092656498e-02,5.701064731278358139e-02,6.205296776841306983e-02,6.772562428365325182e-02,7.274951506598187345e-02,7.687312814954447293e-02,8.110624736519279898e-02,8.486159328992542994e-02,8.961202271660048679e-02,9.702838208716832447e-02,1.071488225576434083e-01,1.167128632059218352e-01,1.326759721411848725e-01,1.516587269581118058e-01,1.712682491340841162e-01,1.889845928591306623e-01,2.062675286771351035e-01,2.262289574521837154e-01,2.505427693019078861e-01,2.821234826430703557e-01,3.220469705336950206e-01,3.668597809984135982e-01,4.168946671718427033e-01
8.209767614754466536e-02,7.457239099231288693e-02,6.821360604413342910e-02,6.298143020010499304e-02,5.854063969984341087e-02,5.440756872166040148e-02,5.051899736606561830e-02,4.690562984680302777e-02,4.329836285994689837e-02,4.009417380892538185e-02,3.745388616356836592e-02,3.534182267426261292e-02,3.344971490994111396e-02,3.160848725641079299e-02,2.993135536115669806e-02,2.896047673065322431e-02,2.843442553011009399e-02,2.793978751129977400e-02,2.762987446801619743e-02,2.782106910970698344e-02,2.813349363225875130e-02,2.840897647930772443e-02,2.908798275652880669e-02,2.990199910635924982e-02,3.128722643996598857e-02,3.334155638271446565e-02,3.595004851644586358e-02,3.896308738321493936e-02,4.187770032218653127e-02,4.599627339729298742e-02,5.005166631111541281e-02,5.461610217175101589e-02,5.915340652868897320e-02,6.227382218540329639e-02,6.535430892077255527e-02,6.988330991023580796e-02,7.439137278915083917e-02,8.008138190172651993e-02,8.734901301584996336e-02,9.664286169241309565e-02,1.123507795947497889e-01,1.296196563689283043e-01,1.460920465609557017e-01,1.599891870364119617e-01,1.742637315866331360e-01,1.912034719522122117e-01,2.105658475794725815e-01,2.380103450207137761e-01,2.741845114747403223e-01,3.158686987926375145e-01,3.632269186843156694e-01
7.030385757587018225e-02,6.331049789930881522e-02,5.811970260375653313e-02,5.382827162052872261e-02,5.013852221759725752e-02,4.673748269991452597e-02,4.339571426685742694e-02,3.977612993424178844e-02,3.650591001408168973e-02,3.352657312134044859e-02,3.113422866096406116e-02,2.946955482517332400e-02,2.813189969461665774e-02,2.672011735584606251e-02,2.552204963643894473e-02,2.486189665869241103e-02,2.439876612571115905e-02,2.383762769975613510e-02,2.351268997154174270e-02,2.359629458766370272e-02,2.377420650342493974e-02,2.377719740306344365e-02,2.377036107417691141e-02,2.437958819093839422e-02,2.549117165780068889e-02,2.705350905367246567e-02,2.912118116991770089e-02,3.151652095562829103e-02,3.388838530186080028e-02,3.714899094728171119e-02,4.061180841346781478e-02,4.486030309628644130e-02,4.892360104929843745e-02,5.135423101362886905e-02,5.367662885135438683e-02,5.805830179352449577e-02,6.179659172886577817e-02,6.594242464681653038e-02,7.151483054786307580e-02,8.131906623793577760e-02,9.621050185990695502e-02,1.114472451901101918e-01,1.249566500755531773e-01,1.369887096143548033e-01,1.488771508570461144e-01,1.621795631801315196e-01,1.784473307388253771e-01,2.027557320845174427e-01,2.349670462015346073e-01,2.720854766991003260e-01,3.143855588504139154e-01
6.298403285756425107e-02,5.614987205167705497e-02,5.106896766773612317e-02,4.699502418336589521e-02,4.346923206390890249e-02,4.024054395521155236e-02,3.694462460778472068e-02,3.360553305691910131e-02,3.064943936114477088e-02,2.825985192661197368e-02,2.636584595491037880e-02,2.500140934288577060e-02,2.396320010512565171e-02,2.285087357102007569e-02,2.195446911301805401e-02,2.134890927327924570e-02,2.089969682875634713e-02,2.039812503294708215e-02,2.016437131797079590e-02,2.014302417001129220e-02,2.009029684292456402e-02,1.985029188235914316e-02,1.960414445461381577e-02,2.016230348313557616e-02,2.107372063795340950e-02,2.245572508202221818e-02,2.428730715732166714e-02,2.639913771638361176e-02,2.823931225249862870e-02,3.038384547426514065e-02,3.277839667786607014e-02,3.629141494330796053e-02,3.957035789767492096e-02,4.142153368053842766e-02,4.344240148794478035e-02,4.809996306956752093e-02,5.198332754840802317e-02,5.504797328379628513e-02,6.028940560609596933e-02,6.955398948356800171e-02,8.227789449566444424e-02,9.450952723519635834e-02,1.058816224967036590e-01,1.162734809845776263e-01,1.266087774719442394e-01,1.387973221452355466e-01,1.541424643541338679e-01,1.757025283465981358e-01,2.037139065212383859e-01,2.357647850010280710e-01,2.721656789590709002e-01
5.739646104830323919e-02,5.134745451667870747e-02,4.615349721570833480e-02,4.182692199514870951e-02,3.805367742448601681e-02,3.465244920766567122e-02,3.140666460837666929e-02,2.852433025385437207e-02,2.608456257761610983e-02,2.419295845231589359e-02,2.274330650202568624e-02,2.160651061525381555e-02,2.068401994208031794e-02,1.975623926918508230e-02,1.903268871333015783e-02,1.844856636603105227e-02,1.800714817304127982e-02,1.760735700080754904e-02,1.733756251184637859e-02,1.711258724908023762e-02,1.694252499042364635e-02,1.665472792343385133e-02,1.661660769203761323e-02,1.704146678617427663e-02,1.770666794853188730e-02,1.898548711935333158e-02,2.062949951735270487e-02,2.243402417994656492e-02,2.393401852868598176e-02,2.536283954316099695e-02,2.716858407441450837e-02,3.005677400439088140e-02,3.233294832865324375e-02,3.393814548645360946e-02,3.558483391761557701e-02,3.986215990987988789e-02,4.357400893362986527e-02,4.608452540714311901e-02,5.225063918893501497e-02,6.059441016849075046e-02,7.022520721600424010e-02,8.010282076454805500e-02,8.926297742037246630e-02,9.787789187310691474e-02,1.074334870844138173e-01,1.192978125035114578e-01,1.344525893484564971e-01,1.537990047292681073e-01,1.781705666626171025e-01,2.066863647893043554e-01,2.382443460698702720e-01
5.119267426119811226e-02,4.614756732579548132e-02,4.168137588906111607e-02,3.757282545052460093e-02,3.375804632044374087e-02,3.012710622897131485e-02,2.706685928178090630e-02,2.463186240151427411e-02,2.270068533695230803e-02,2.112248195293946196e-02,1.992890890141555890e-02,1.896847808202616406e-02,1.800126148576330215e-02,1.720329894729514045e-02,1.654067458210183028e-02,1.588169860978687689e-02,1.534934658848478156e-02,1.501227027266843241e-02,1.477069821273555364e-02,1.453172453187870708e-02,1.433476992595263816e-02,1.421372588772252914e-02,1.432455135649604062e-02,1.453771178537888696e-02,1.506297575045619994e-02,1.613795582826549682e-02,1.755506650098459520e-02,1.901865557428469508e-02,2.024885210860067133e-02,2.137448374440514484e-02,2.293326411155930181e-02,2.569009146824328960e-02,2.779385841045836289e-02,2.940172415346191739e-02,3.054447156981285674e-02,3.398667484195968397e-02,3.687467708046159032e-02,3.925737783451674345e-02,4.573493335665821530e-02,5.234101509971517824e-02,5.975750069870746500e-02,6.808477716134928026e-02,7.628511215308399207e-02,8.445997949900921342e-02,9.331764579353447886e-02,1.040820453812594526e-01,1.176902280806438605e-01,1.354499810756497336e-01,1.573752292427343658e-01,1.827297888748968258e-01,2.105665097507565253e-01
4.474142890764434832e-02,4.043875794480347730e-02,3.686249397079691126e-02,3.335351179297837282e-02,2.991735268861130115e-02,2.678427667079352065e-02,2.402480166824969010e-02,2.172973207009838703e-02,1.993596223850745836e-02,1.850697539280451998e-02,1.737389075725828333e-02,1.647244272343286256e-02,1.553608856830055417e-02,1.480899011676402484e-02,1.419661644882857891e-02,1.355078299483642584e-02,1.298259390299284777e-02,1.267577196664528873e-02,1.248189841842975954e-02,1.230670817468419893e-02,1.211169953835736571e-02,1.217185130242251674e-02,1.229765680854334395e-02,1.240175246584798892e-02,1.280230498740482330e-02,1.369555459824807996e-02,1.491631204987661254e-02,1.617430109595511742e-02,1.716837154383902761e-02,1.818510027259305495e-02,1.976389933212773647e-02,2.244359446354553603e-02,2.437714516833310377e-02,2.602161048221280151e-02,2.681862318654950131e-02,2.969695925812079057e-02,3.202844088678098722e-02,3.445254079466882752e-02,3.973569157999543022e-02,4.482975725202124201e-02,5.060250815464847202e-02,5.761319549241827875e-02,6.536544426344995107e-02,7.372883928361116668e-02,8.257142549213689064e-02,9.248200260874149536e-02,1.047820808284633531e-01,1.209298468114207020e-01,1.401649658780642071e-01,1.617870139568933774e-01,1.859049874032809579e-01
3.910823836155929989e-02,3.501763202670338249e-02,3.161205535022065805e-02,2.863380906093666509e-02,2.598888185262091671e-02,2.358768970230406409e-02,2.132114344515707166e-02,1.923962443889683585e-02,1.748361128329783964e-02,1.609076952653099024e-02,1.497505965442363397e-02,1.407879296223969214e-02,1.333523540374601316e-02,1.273994200822239041e-02,1.213372057677570767e-02,1.148740880741087357e-02,1.092002900694982216e-02,1.059052630271219327e-02,1.042530370705317504e-02,1.030328660644004059e-02,1.025264123474623618e-02,1.040958398547260980e-02,1.051962722619266197e-02,1.065871945176089138e-02,1.102850126271564569e-02,1.171896186858799836e-02,1.265669681222650507e-02,1.369742782395210953e-02,1.457061208067409949e-02,1.553590695462124353e-02,1.705832181792609967e-02,1.945298440120541913e-02,2.125849049453422748e-02,2.278806372944121653e-02,2.340572287102342386e-02,2.569266001228734039e-02,2.797852573384295577e-02,3.032903941275017293e-02,3.462893938560340085e-02,3.918534676665539479e-02,4.400724053769199118e-02,4.982058863033014123e-02,5.669563126899767463e-02,6.421451510048184486e-02,7.224861557051379113e-02,8.160384373804088765e-02,9.373919888419790514e-02,1.091017628898772740e-01,1.263749399506170490e-01,1.450138401673512489e-01,1.653785395854150964e-01
3.346037732413305321e-02,2.946329333964445643e-02,2.618967510287366351e-02,2.368698603801825189e-02,2.166242435170199349e-02,1.987716568238782899e-02,1.822382665064540413e-02,1.662987991295519774e-02,1.516748071004383851e-02,1.395282363596669732e-02,1.296321098329957129e-02,1.205541234818787756e-02,1.136731177465197945e-02,1.080686882745029997e-02,1.018056181728773692e-02,9.555188414113249817e-03,9.052536697695224427e-03,8.775359123753830037e-03,8.647470794682247941e-03,8.595706826222421909e-03,8.766760570914270898e-03,8.935558271360707905e-03,8.997624297845056851e-03,9.106309264292032635e-03,9.341823861916615304e-03,9.882002422837939115e-03,1.058510478546925530e-02,1.136285061653894389e-02,1.218506466207053794e-02,1.308343945376959708e-02,1.456474558842972208e-02,1.670315301550780868e-02,1.840363866683411218e-02,1.964481022686197925e-02,2.024228315192066682e-02,2.197152901551503029e-02,2.434874546851296950e-02,2.664500476267641499e-02,3.059732282758062180e-02,3.457760227285181648e-02,3.898682327132420994e-02,4.413238144985473510e-02,5.020138152191837289e-02,5.694496083432155215e-02,6.428023591290117633e-02,7.285875165427029010e-02,8.408893338595077593e-02,9.870786095095691881e-02,1.151736956948619245e-01,1.324332948225650231e-01,1.496404895203920782e-01
2.715535497900332246e-02,2.377213119056542298e-02,2.103311846078848024e-02,1.898390769655946761e-02,1.738098674557164713e-02,1.607998785994326635e-02,1.494837777081296434e-02,1.390580076682684796e-02,1.291212882651527130e-02,1.198097091977330317e-02,1.109527781339532393e-02,1.019152092596306569e-02,9.483399939634738068e-03,8.925094030108613255e-03,8.383568682438715877e-03,7.845880793450808049e-03,7.454334171201970095e-03,7.226167855221787839e-03,7.089713251184508180e-03,7.128852746572154550e-03,7.298815164634553550e-03,7.402752020836371113e-03,7.459078181266245999e-03,7.604111628245140142e-03,7.818126928182627874e-03,8.179167554642059051e-03,8.662741977827679782e-03,9.307591092134154948e-03,1.006760569586408194e-02,1.092738064368933490e-02,1.227291682576110883e-02,1.405400887545978431e-02,1.562508323915256722e-02,1.658976077000379537e-02,1.743102398997099442e-02,1.888544168576533969e-02,2.127785221178033273e-02,2.344550621775633864e-02,2.697335019334279327e-02,3.065085293703543462e-02,3.486177886845573393e-02,3.979603960203289409e-02,4.529459137493765941e-02,5.133565850189942409e-02,5.805242722225369134e-02,6.611937258443871535e-02,7.680644579061458865e-02,8.984459166069723446e-02,1.040877336754379434e-01,1.190341893597942624e-01,1.338665290594933666e-01
2.142965375940638142e-02,1.899830483506465342e-02,1.701375967147350857e-02,1.542107317548215700e-02,1.414262992652355264e-02,1.309992595110219191e-02,1.222108552919807037e-02,1.144472206526740352e-02,1.070046896606738351e-02,9.966582191618379022e-03,9.263493310922210969e-03,8.601538405347632782e-03,8.016686145907286551e-03,7.473610605326479368e-03,6.981367270127664636e-03,6.507844041194602025e-03,6.185189409583648906e-03,5.999405812157706727e-03,5.871092556874640649e-03,5.912642663656298390e-03,6.006661399237121605e-03,6.081738828868256744e-03,6.222494215340592001e-03,6.364289164486999946e-03,6.488106273338127734e-03,6.724805183261272842e-03,7.111684006309440011e-03,7.715648549168746366e-03,8.378339435404296223e-03,9.132655268410750163e-03,1.020898349013993692e-02,1.158430482759571431e-02,1.308506997436130644e-02,1.411560753230211261e-02,1.503937741589243815e-02,1.637143660975049625e-02,1.872048273259637949e-02,2.077663845931432968e-02,2.400324984739931125e-02,2.753269787085827966e-02,3.158652530416952708e-02,3.624061045860840075e-02,4.116989531999579177e-02,4.647775967285926180e-02,5.269185653382352924e-02,6.035733815865736152e-02,7.025877673488424568e-02,8.196672275815894415e-02,9.363924311797779121e-02,1.061415354571473291e-01,1.185252696620689022e-01
1.742319981934289594e-02,1.568514398286309161e-02,1.424782472380680363e-02,1.302824488050535051e-02,1.194773346533337978e-02,1.098264016776824038e-02,1.014503586214160133e-02,9.434420652327730680e-03,8.851005523174628950e-03,8.329534448342355846e-03,7.779681287820398687e-03,7.333399539705548476e-03,6.927168671865407967e-03,6.472568304616466324e-03,6.014336788323918631e-03,5.624045971750567426e-03,5.361000362986087682e-03,5.139721661799858711e-03,5.023978792243161823e-03,5.044706085404388786e-03,5.119411773037140304e-03,5.195920494963908974e-03,5.317615572727965242e-03,5.419548844276482653e-03,5.519155058204387038e-03,5.697296322419920754e-03,6.041620874882127831e-03,6.590518925319865939e-03,7.144280852036228278e-03,7.736131371334747063e-03,8.621618535890799781e-03,9.780696713753242455e-03,1.128128727449577082e-02,1.221921506697336637e-02,1.295729353127227784e-02,1.431034227665797451e-02,1.638155493876125926e-02,1.855306142985765211e-02,2.167058631328210375e-02,2.505910227350096817e-02,2.883691325558924295e-02,3.306988664517848675e-02,3.772371676481243996e-02,4.265168969322782888e-02,4.851882997691797650e-02,5.577966448379883396e-02,6.491592948500095328e-02,7.508589297721306177e-02,8.517113602769185721e-02,9.594475930212016668e-02,1.065136957258237260e-01
1.483258301513332503e-02,1.343297516283551221e-02,1.229753612421492781e-02,1.128303542122664760e-02,1.033062774239728969e-02,9.430990988667320093e-03,8.612179621911731503e-03,7.945368509893867975e-03,7.418484594939220647e-03,6.984248340964074875e-03,6.560939970342188551e-03,6.243246365632967518e-03,5.960430418877563780e-03,5.635075141326738313e-03,5.303953348920392719e-03,5.020863744856998538e-03,4.772949073432784448e-03,4.550722665128488845e-03,4.479711649050757520e-03,4.477137145384378972e-03,4.489351128623113828e-03,4.544974536967488939e-03,4.628205867060574200e-03,4.712162759018565655e-03,4.805110421107421093e-03,4.965812873854751584e-03,5.271716034345825738e-03,5.736800989056176601e-03,6.205580931605159806e-03,6.681481193981564717e-03,7.479195436037513502e-03,8.597029449433942275e-03,9.964475135403171729e-03,1.057438231569642756e-02,1.121702993262026216e-02,1.263080106145518001e-02,1.452761209569630209e-02,1.683407614315012360e-02,1.992343651897919218e-02,2.316730002844889433e-02,2.676284896084552695e-02,3.077070685553540477e-02,3.542098783140881779e-02,4.033902545679460272e-02,4.587651526862928514e-02,5.244735385369289626e-02,6.043926855016141381e-02,6.904766242892015904e-02,7.767720652556386884e-02,8.672880420317982675e-02,9.588204123627226683e-02
1.291303451579266237e-02,1.168513006901496579e-02,1.075306499110328766e-02,9.902168479783052951e-03,9.046762634270850978e-03,8.263062521558162815e-03,7.548377860750549173e-03,6.904421741102092884e-03,6.365008987093916278e-03,5.923435181635389353e-03,5.587302931203485569e-03,5.311203891819804221e-03,5.056327934864906191e-03,4.849910446797067905e-03,4.666291001592831264e-03,4.479591904547210353e-03,4.329144262661926111e-03,4.203559068715861935e-03,4.092772261114736333e-03,4.015569911443826745e-03,3.984989853523052995e-03,4.016407734411115739e-03,4.081520694947478843e-03,4.153341377407701943e-03,4.244501221888570368e-03,4.395355199355951981e-03,4.648146487725328575e-03,5.039374457393260530e-03,5.523889896614998969e-03,5.988612474237499893e-03,6.749348275937613537e-03,7.835007434115220937e-03,8.987099264368586179e-03,9.439474914951439047e-03,1.033345825511967908e-02,1.174604019415404974e-02,1.338827223342698228e-02,1.535782034764352801e-02,1.796242235579619678e-02,2.116698405463618080e-02,2.478215767702694056e-02,2.878709952946805969e-02,3.326440428594471671e-02,3.795430633197510728e-02,4.292074900905457069e-02,4.859798150016153562e-02,5.539749789074675107e-02,6.261135049546358300e-02,6.989500715748056536e-02,7.733288111881138349e-02,8.524558334322063224e-02
1.144484264671839606e-02,1.026859936879267153e-02,9.346997985307317625e-03,8.625165666723387178e-03,7.964654411825054792e-03,7.301216818701743681e-03,6.667980334381628724e-03,6.097510602784462531e-03,5.587902317443962236e-03,5.135348111081476999e-03,4.805589555149301396e-03,4.555333166803471161e-03,4.324953844555769374e-03,4.192366111013483450e-03,4.141670165502143314e-03,4.051118159996136385e-03,3.973320606306956701e-03,3.899119348406007105e-03,3.775143725253255790e-03,3.635569875159614436e-03,3.572639389039125851e-03,3.577125746966810464e-03,3.614453025309472944e-03,3.653157620210747969e-03,3.721118616846633056e-03,3.877877260073364814e-03,4.132333294053079815e-03,4.535993152861891864e-03,5.064055940459301179e-03,5.567043887562714115e-03,6.329978221200223062e-03,7.244479282834929805e-03,8.204106942166248737e-03,8.805003652483909399e-03,9.731943613407538149e-03,1.099035384475636687e-02,1.241008058656233558e-02,1.409130613696557566e-02,1.623948358483583848e-02,1.923348744335291391e-02,2.268891758135248293e-02,2.644375286255993066e-02,3.053463908584218289e-02,3.486326013067383295e-02,3.925347240262819920e-02,4.434750593552337639e-02,5.042352022714140236e-02,5.699922601096391733e-02,6.380306370673730076e-02,7.046411883403895515e-02,7.745414794187388541e-02
1.012065013191105513e-02,8.997263437720514484e-03,8.142270420902169084e-03,7.488503556534984416e-03,6.946314906454361532e-03,6.415037927706741458e-03,5.894175736393583026e-03,5.412537228276053693e-03,4.933826055775494997e-03,4.487554945261291485e-03,4.162439031930679004e-03,3.940348238614196745e-03,3.796503294121042309e-03,3.730152512591887806e-03,3.696530082191937672e-03,3.647953051185393817e-03,3.630963612095504129e-03,3.577963202675871722e-03,3.466169067899425946e-03,3.335250039157939151e-03,3.254219209753495424e-03,3.211942261833085777e-03,3.172118652909534844e-03,3.170564009650533692e-03,3.249973494928047948e-03,3.451216278937846351e-03,3.781784886867832918e-03,4.258508132802870522e-03,4.821700570948896612e-03,5.330019595478539818e-03,5.998206546635883110e-03,6.720424694617758293e-03,7.609997487618162283e-03,8.339932355514200965e-03,9.313486986522097680e-03,1.048487225072379687e-02,1.174284382802429950e-02,1.320464873115649584e-02,1.506122098333633440e-02,1.775805628764325766e-02,2.087900346220901773e-02,2.413036956271487343e-02,2.770941190089862977e-02,3.145913088796330193e-02,3.548521378029517725e-02,4.014871109219856488e-02,4.587171026518543221e-02,5.247492965928584469e-02,5.923441619117499751e-02,6.543747701827645757e-02,7.184255590439936334e-02
8.920824170019592964e-03,7.910702886116291813e-03,7.099497981416721948e-03,6.469388750040263800e-03,5.992210240600235466e-03,5.592757359232545904e-03,5.189509594275778896e-03,4.762168964888965385e-03,4.311664348997886788e-03,3.937356244532119742e-03,3.677027197559137699e-03,3.497331398613408564e-03,3.401215776530036854e-03,3.355583528720951225e-03,3.301042866041968300e-03,3.292252050757482271e-03,3.310790595112706597e-03,3.272517848927266118e-03,3.157289846397981839e-03,3.081714184332065825e-03,3.006921427046061780e-03,2.929922417951787497e-03,2.868470941225966225e-03,2.872774812725759769e-03,3.002796329826033523e-03,3.263966482408379392e-03,3.636885954217919381e-03,4.103425456397123174e-03,4.647787193745186139e-03,5.117554547156864808e-03,5.740577692937868723e-03,6.368788064281062471e-03,7.156227291764705525e-03,7.885410355620998610e-03,8.883358433048077485e-03,1.003647877270162810e-02,1.120642123764937700e-02,1.253078577539041248e-02,1.419190082455065033e-02,1.649516596037651703e-02,1.920298531142165810e-02,2.219686889396117399e-02,2.534993998902381959e-02,2.879900061281645551e-02,3.245565157930742350e-02,3.664223410655288032e-02,4.197497567687463738e-02,4.815744053977535216e-02,5.462523004414694683e-02,6.062911452662699680e-02,6.695525235446857237e-02
7.939540756009031558e-03,6.992411420077561737e-03,6.229151650164404565e-03,5.636633620749535376e-03,5.191067379447977109e-03,4.846496470451069211e-03,4.521144108071330908e-03,4.175606836385621461e-03,3.837847621381581739e-03,3.564563995490011364e-03,3.344280449663418302e-03,3.185691987108102766e-03,3.099890087736248932e-03,3.050206081889383480e-03,3.007399700288347719e-03,3.026411246933839814e-03,3.045542727917910451e-03,3.006801858771231562e-03,2.902962209812565142e-03,2.857651568295794219e-03,2.811267075149543378e-03,2.777675525202384903e-03,2.768590460003531387e-03,2.815929336736138974e-03,2.962024545043278473e-03,3.212540226004268525e-03,3.581552306515528670e-03,4.056564215425682851e-03,4.533837632679485821e-03,4.954910884595020368e-03,5.532340739872854130e-03,6.091573670100716535e-03,6.748268127157920453e-03,7.425210045648027689e-03,8.435922766404325632e-03,9.618135441081560044e-03,1.077981592079006561e-02,1.200190324114528209e-02,1.350692061106471137e-02,1.556956658660962022e-02,1.775362720046871207e-02,2.061124557507871061e-02,2.353831984083691251e-02,2.680111305072121683e-02,3.039668723917481052e-02,3.453638640219372502e-02,3.903361498798417484e-02,4.409008468572219591e-02,5.006701907902708082e-02,5.605530574937533234e-02,6.251636155538528583e-02
7.081669434232444778e-03,6.193465918386752492e-03,5.490686565706533531e-03,4.941014015655208549e-03,4.506894022420890669e-03,4.188834669074560299e-03,3.975115866246234017e-03,3.748639348335054168e-03,3.485308964032578921e-03,3.261036310702408389e-03,3.087992008358161726e-03,2.956165979425772871e-03,2.860401232089622089e-03,2.784668690817520068e-03,2.772296200314817733e-03,2.804632355752573279e-03,2.831051950198990030e-03,2.769905398542108627e-03,2.711810672445092493e-03,2.702487141808052658e-03,2.732729166462508855e-03,2.749225201766310796e-03,2.749344739247108760e-03,2.797639050527317775e-03,2.927889915730530826e-03,3.156572329079655303e-03,3.523948745630506828e-03,3.982356780716314777e-03,4.393080248155150670e-03,4.811997995028709750e-03,5.336790938519628442e-03,5.848669406973924963e-03,6.390143118024326462e-03,7.007417254045973654e-03,8.072746459609165398e-03,9.332739128639359200e-03,1.038904633075100024e-02,1.148668528812625024e-02,1.286092852664421846e-02,1.486579549999376970e-02,1.670466823144259663e-02,1.927188985677917923e-02,2.210655622559189529e-02,2.514503668652737917e-02,2.863755056530663951e-02,3.252048782578434438e-02,3.680077674143566319e-02,4.151410482168177429e-02,4.694567202415205615e-02,5.236419133637335716e-02,5.858266731553226497e-02
6.369387919116192669e-03,5.544267938053373118e-03,4.886326919720743005e-03,4.370331020789770815e-03,4.006952344521633701e-03,3.765750445845453872e-03,3.582030854667432682e-03,3.392543694995669989e-03,3.202315087896796895e-03,3.023840482072403558e-03,2.884012786748703112e-03,2.771578959182831921e-03,2.667225856878395560e-03,2.582066016737387566e-03,2.566947168095389149e-03,2.595392306061305825e-03,2.623360163345782575e-03,2.607643087444681471e-03,2.612603202591075660e-03,2.616547408099008463e-03,2.651388565740932148e-03,2.686111407394845864e-03,2.688741069299813852e-03,2.737689902090602919e-03,2.872057499522785457e-03,3.113402651072111078e-03,3.482796831779580785e-03,3.882724006693209946e-03,4.236540116378291129e-03,4.643715204325645461e-03,5.165064667854988786e-03,5.638551752604198039e-03,6.108904814752790478e-03,6.711903799071584908e-03,7.754452139574928224e-03,8.939707914592129323e-03,9.952434899342157623e-03,1.102355949303416432e-02,1.231515619033287171e-02,1.432176998880563788e-02,1.608325869033260316e-02,1.816622322448209134e-02,2.081248327584885038e-02,2.364395844966796223e-02,2.686833894954241547e-02,3.057151139923742697e-02,3.486832112647413745e-02,3.965351744713203896e-02,4.479042305958501335e-02,4.946730842942024392e-02,5.418989184158125305e-02
5.749090315898861860e-03,4.970485191349995925e-03,4.393918387469110745e-03,3.979125291747328576e-03,3.675950362248894387e-03,3.460845849398967982e-03,3.295720526469454650e-03,3.127692684398924311e-03,2.976491762269514816e-03,2.836610913026847529e-03,2.716890837904299347e-03,2.619176887080299377e-03,2.510955636486194957e-03,2.434054555229252931e-03,2.394680144701363464e-03,2.384941341494447968e-03,2.404180050255046771e-03,2.450784667860943754e-03,2.507728898829703675e-03,2.538562595377661085e-03,2.570174096839666217e-03,2.610392063884222139e-03,2.629515587384447742e-03,2.654018136338031318e-03,2.791661905337362339e-03,3.059831791550133868e-03,3.426155906016056189e-03,3.812538228259688793e-03,4.130896860029271977e-03,4.508091500794880052e-03,4.990013318712823234e-03,5.401989932704418310e-03,5.815395338450674717e-03,6.403280301806427849e-03,7.366664112248350570e-03,8.435321670666904789e-03,9.543032752562581600e-03,1.068480516332591043e-02,1.191497966811427660e-02,1.383321582012119431e-02,1.554504821743106849e-02,1.744030389961263861e-02,1.973259071490855721e-02,2.259057382607271638e-02,2.556735944593790250e-02,2.901164899583661555e-02,3.300353625688577652e-02,3.739336993786892410e-02,4.175799935817117031e-02,4.544552966878073752e-02,4.903790281710660587e-02
5.221684342104474831e-03,4.596529242164583764e-03,4.112821908231144817e-03,3.738348899211900965e-03,3.458094534090815509e-03,3.265282072497776439e-03,3.106048445726700483e-03,2.947497756524100187e-03,2.802241476669369361e-03,2.678401756666190601e-03,2.567425230955994262e-03,2.436384804139571109e-03,2.320834899686206095e-03,2.256254652897321349e-03,2.215334083450524929e-03,2.209599363700887140e-03,2.282779244929443452e-03,2.378727676126715998e-03,2.434413054708173610e-03,2.470920924593042033e-03,2.497391457558452779e-03,2.520217626483371633e-03,2.560672614234822241e-03,2.608001649160413774e-03,2.757054936942891429e-03,3.001361517390394550e-03,3.321854083719624068e-03,3.670745674596097730e-03,3.975355234481650103e-03,4.353329304573866528e-03,4.786723825689591025e-03,5.204847892424794946e-03,5.572018703456326806e-03,6.133192910429650924e-03,7.059399203955842722e-03,8.100988108134954055e-03,9.280157591749538942e-03,1.034496105947038322e-02,1.147305910603213346e-02,1.333287961892762503e-02,1.512173197202932098e-02,1.702152001132307968e-02,1.909890834686817432e-02,2.169720451654703550e-02,2.438832204556075009e-02,2.736520376002277849e-02,3.074716518300912166e-02,3.440429728114484387e-02,3.787097843616179377e-02,4.078284000223957734e-02,4.407569547277296468e-02
4.920288871616213325e-03,4.356083084061383899e-03,3.907915500191381890e-03,3.556010131223454919e-03,3.286810156212714024e-03,3.086078762574954917e-03,2.917189457454907875e-03,2.773611143726228013e-03,2.641527737584877140e-03,2.510238582773852319e-03,2.370422933661661506e-03,2.226385459055681484e-03,2.135349659762110323e-03,2.095867549169978979e-03,2.109665204876817052e-03,2.148849195880025292e-03,2.247652233598266321e-03,2.361222076500183852e-03,2.424972611298841906e-03,2.467096797169287398e-03,2.493387968547651056e-03,2.508565459444585168e-03,2.528702879710866078e-03,2.590372517037051701e-03,2.713304836077586220e-03,2.906967338888465785e-03,3.190057019194832404e-03,3.511088590634358578e-03,3.819299303671583063e-03,4.231093080704473493e-03,4.687969037252252662e-03,5.125103293184373257e-03,5.450652246460812970e-03,5.965167347121713703e-03,6.871892728611024917e-03,7.900429595868806165e-03,9.071783816567528802e-03,1.004496783747676689e-02,1.115645338673726047e-02,1.292728413506843629e-02,1.468679990916508388e-02,1.645038652861032652e-02,1.839368199051829439e-02,2.039763836944332234e-02,2.289972162148488574e-02,2.560514976409957941e-02,2.835752844872116082e-02,3.125266460561225423e-02,3.404612188702429987e-02,3.676299382444836450e-02,3.996190688266058194e-02
4.689406271696989689e-03,4.157590929416643544e-03,3.734878887917010819e-03,3.400378468825974478e-03,3.133851213610626581e-03,2.923884702856300796e-03,2.761836484758617948e-03,2.632145100465559714e-03,2.483767709740506389e-03,2.317608775440153143e-03,2.168083363025053063e-03,2.073648347908734358e-03,2.028554443727908704e-03,2.041037188498495344e-03,2.082786830593956560e-03,2.130630838351661640e-03,2.254342997768986247e-03,2.368630552250543947e-03,2.415472508216676747e-03,2.438774808662655825e-03,2.466379774905387567e-03,2.495180573585792198e-03,2.536650400498231470e-03,2.612423920892166344e-03,2.720715920693439743e-03,2.885686538366115730e-03,3.143238559259489001e-03,3.478191272372925264e-03,3.831924088979348636e-03,4.276645578184890516e-03,4.734859876674241130e-03,5.167461202848834013e-03,5.485712154407873867e-03,5.983995359703220100e-03,6.833423435579163811e-03,7.800345635795779067e-03,8.832063320135113971e-03,9.706544791718901485e-03,1.075969240699974766e-02,1.232010434692731339e-02,1.395548309308688312e-02,1.551417408913087319e-02,1.727449156434762018e-02,1.889516029320559287e-02,2.107006820071551795e-02,2.381577470630719465e-02,2.656028795609677307e-02,2.915014630516328184e-02,3.147100230379924063e-02,3.378881070725907321e-02,3.681308277873133333e-02
4.505936040754144299e-03,4.014432867110976841e-03,3.619059212321929994e-03,3.296079334988358603e-03,3.024677474557526443e-03,2.796921791218173400e-03,2.629396064226866003e-03,2.484424991558122769e-03,2.326391026952003699e-03,2.175729345894385127e-03,2.074006718205474893e-03,2.042470623709254605e-03,2.032854701844936506e-03,2.033332509443880852e-03,2.040320471663640851e-03,2.104229742023697690e-03,2.242335497561622794e-03,2.348496355137568055e-03,2.393604689381961369e-03,2.407525950430954628e-03,2.436145804001429039e-03,2.487651654019773680e-03,2.565453223129034871e-03,2.639495821441338510e-03,2.736494541857440333e-03,2.891544691088532553e-03,3.155615640122733535e-03,3.544944051744785499e-03,3.944118163903557323e-03,4.426067547120086758e-03,4.906632075059622761e-03,5.354588403903353874e-03,5.634235961105113488e-03,6.072263890380326379e-03,6.795375699708917742e-03,7.681951915870671201e-03,8.617109489435980860e-03,9.409691235617296048e-03,1.024378909661608980e-02,1.150097489092407298e-02,1.291249110212779570e-02,1.417708907239838972e-02,1.577245645712823177e-02,1.739366261069126909e-02,1.942818831106136665e-02,2.225452213641743865e-02,2.498551992540859468e-02,2.755775701027543892e-02,2.971844993233564367e-02,3.196911366241116104e-02,3.483542511160735849e-02
4.354766058142972573e-03,3.884758450545671826e-03,3.496374383600654289e-03,3.174749593161540866e-03,2.891066473253374285e-03,2.656528187449247545e-03,2.489922274585752889e-03,2.352559009148754397e-03,2.234450053470097512e-03,2.123224125600075857e-03,2.046412581133610908e-03,2.011174422241345308e-03,2.000005976790589397e-03,1.992600231473061825e-03,2.007232603721589501e-03,2.085534364592600901e-03,2.217006716239050372e-03,2.314024205151266229e-03,2.359847929774352548e-03,2.398324751885157289e-03,2.457835299161354337e-03,2.545315062799496323e-03,2.636507716965729581e-03,2.717129905149971020e-03,2.801882845299919367e-03,2.961068042189881223e-03,3.237834437903602033e-03,3.625699337431482951e-03,4.007550784269522937e-03,4.457199934426502551e-03,4.877342469288733530e-03,5.285317897214030815e-03,5.514779847703562762e-03,5.928771525226137103e-03,6.591478906062652431e-03,7.479856009474709216e-03,8.342276407324959384e-03,9.035395044334221942e-03,9.631856733940503262e-03,1.066227381583470871e-02,1.195611812732553549e-02,1.307697778719887731e-02,1.458403861512306936e-02,1.628443532291265830e-02,1.835270281154770949e-02,2.082952370713284096e-02,2.360489954706802840e-02,2.614794692231601353e-02,2.831785579167225148e-02,3.070334103902731815e-02,3.400246126448965706e-02
4.128143700584290150e-03,3.701974206852235230e-03,3.344041232439586529e-03,3.020731658975376027e-03,2.723823811233059243e-03,2.484903014969558257e-03,2.337921583120144368e-03,2.259898755608570706e-03,2.180209441144801471e-03,2.077232056655472017e-03,2.003708870016353543e-03,1.966202779004860412e-03,1.965127784394763658e-03,1.970622213431927078e-03,2.005918667667870841e-03,2.086251113833757428e-03,2.205537290442584949e-03,2.297834056091914434e-03,2.355187794068802805e-03,2.421447405284155377e-03,2.498945054625644098e-03,2.584336851692924531e-03,2.667943023167922319e-03,2.764944503099275863e-03,2.880485962154215145e-03,3.062342861482356821e-03,3.328731449140897788e-03,3.608770096543324410e-03,3.911445950218150197e-03,4.314298289039356082e-03,4.722882441682525051e-03,5.117434726250777097e-03,5.331817292700307548e-03,5.719236506046949942e-03,6.353911779484153720e-03,7.184022826969075660e-03,7.893700948345558355e-03,8.544546698166659987e-03,9.008029154110331130e-03,9.895667139393254236e-03,1.107436446099954210e-02,1.212382613239754679e-02,1.359301595092215174e-02,1.547627891311565557e-02,1.760068404700510999e-02,1.988348903441134949e-02,2.268422271232301002e-02,2.536876972577609829e-02,2.765040162816121208e-02,3.042304716802910966e-02,3.395460943839995888e-02
3.904325224811272619e-03,3.491051004308700755e-03,3.108679212157453107e-03,2.780245657308670799e-03,2.512150727149357974e-03,2.348376865563571014e-03,2.267306480742812928e-03,2.198906588662525013e-03,2.104946504664881833e-03,2.025926517315341548e-03,1.974324997854149961e-03,1.954795950680220367e-03,1.952287660332711287e-03,1.979162527191759453e-03,2.035422920373577103e-03,2.092821339149504405e-03,2.174534657217411238e-03,2.257748136009089367e-03,2.340669818200590262e-03,2.432023060609665461e-03,2.519978606308335978e-03,2.600292600604873269e-03,2.694896895800074754e-03,2.821966400061096201e-03,2.958198539119062317e-03,3.121833148126195411e-03,3.318146306333617009e-03,3.529033038571805468e-03,3.781545564962519347e-03,4.154358874131736969e-03,4.529706231983459015e-03,4.924182290764502791e-03,5.163926315744886072e-03,5.503272536125473902e-03,6.089594700372145952e-03,6.838344541843861986e-03,7.497391391161265656e-03,8.089631264231797805e-03,8.499280283214810661e-03,9.237264175115385972e-03,1.029678265773015765e-02,1.131878267799772513e-02,1.279608662614765795e-02,1.478781747675038047e-02,1.694664736980283290e-02,1.928264522742348386e-02,2.199657104240458974e-02,2.497751419917535950e-02,2.745862697124988247e-02,3.051442134445387852e-02,3.432317692696405798e-02
3.653875493926232385e-03,3.226293500629275317e-03,2.854543261806969084e-03,2.580273255941336816e-03,2.386076534530887430e-03,2.261571462939150970e-03,2.170472726391729432e-03,2.093717282309914742e-03,2.029629506523521285e-03,1.990748803713189401e-03,1.971338880314589450e-03,1.945598916831069603e-03,1.936103366735416990e-03,1.976773620890396634e-03,2.033332509443880852e-03,2.072931607700540142e-03,2.148132401770352744e-03,2.239707009288860982e-03,2.357816585899379352e-03,2.471757454416375829e-03,2.566827652415947913e-03,2.647205172223500783e-03,2.740319699633249947e-03,2.850657892282469630e-03,2.979241752853788085e-03,3.112147051208827980e-03,3.280112480503502397e-03,3.450737793382906409e-03,3.674095815266114652e-03,4.006593280844802409e-03,4.334951013920203614e-03,4.734979651748629295e-03,5.013016264648408570e-03,5.303833505677751393e-03,5.824388220764241744e-03,6.510243796371579551e-03,7.153045562717686920e-03,7.722195798610714292e-03,8.133857584259456333e-03,8.732246844068113079e-03,9.737240131446498956e-03,1.075872841650324721e-02,1.225879720749259959e-02,1.432926760634700356e-02,1.656703538348262492e-02,1.904088998966142754e-02,2.176366175056476671e-02,2.465049534520071320e-02,2.734229343300197471e-02,3.059615515333911906e-02,3.456507691092190748e-02
3.360906186915075308e-03,2.975116769813291543e-03,2.677445525060201999e-03,2.456401268428999932e-03,2.291083259565107871e-03,2.177342177872327623e-03,2.095987008575552271e-03,2.034288125326670898e-03,1.998214259184395193e-03,1.971936103109150212e-03,1.943867017323403293e-03,1.908751908739758554e-03,1.907557538974942414e-03,1.953243198770857753e-03,2.008068745745568168e-03,2.052325546405976697e-03,2.140008771102335731e-03,2.257628657278065547e-03,2.402626600407398432e-03,2.518723751326697527e-03,2.600173080940064007e-03,2.668301606505558542e-03,2.751855029644675269e-03,2.840316905413308845e-03,2.928129033424499081e-03,3.039145598232256308e-03,3.202913046311300655e-03,3.365929845356070010e-03,3.593276802163452265e-03,3.883322372102519619e-03,4.163037564735244320e-03,4.495757542221497267e-03,4.792653016596709267e-03,5.068548994422534745e-03,5.584725574463236114e-03,6.243366321510796478e-03,6.921947035143365123e-03,7.491145877496872309e-03,7.906197044066774759e-03,8.442655063348656480e-03,9.444529203120846650e-03,1.046812765039021112e-02,1.197355121075193742e-02,1.414843348899202588e-02,1.652049540372275277e-02,1.908876248553047911e-02,2.174209769105297368e-02,2.429103243449679678e-02,2.726364272144507148e-02,3.070555371274295148e-02,3.479302602828523300e-02
3.133372879886155843e-03,2.818917977391193798e-03,2.567664262472000615e-03,2.372334810707892993e-03,2.232180012909848379e-03,2.132064401994958943e-03,2.049279469020497992e-03,2.004306112143328447e-03,1.976056950112826862e-03,1.946196124253330578e-03,1.907199228323668613e-03,1.877101591947304268e-03,1.886596581802516470e-03,1.942672605617451909e-03,2.015116256299095184e-03,2.087923530727629588e-03,2.198428701944496119e-03,2.325793592431424708e-03,2.452696698555251274e-03,2.546510194526019084e-03,2.605252679292049869e-03,2.651149514211342990e-03,2.706192637165250742e-03,2.768829539609210175e-03,2.833383124396789826e-03,2.949052053033060766e-03,3.130682256949245384e-03,3.301521279975391365e-03,3.477712773910669915e-03,3.694376370727892045e-03,3.920960275905497477e-03,4.203559068715861935e-03,4.513659794070794089e-03,4.797623981520004154e-03,5.350094064568681682e-03,6.025730052626187237e-03,6.748028094254210005e-03,7.331358067681730505e-03,7.787790792078338846e-03,8.322322090688720475e-03,9.371786017550355272e-03,1.045957476128143819e-02,1.195551491188563339e-02,1.422406424179800850e-02,1.667630376992908572e-02,1.920839299205985215e-02,2.178699288104651161e-02,2.424486440533580450e-02,2.719124543154658596e-02,3.088830058311207299e-02,3.507596747561352035e-02
2.963100611846940496e-03,2.714739235265142738e-03,2.494344024168099281e-03,2.312590380633464202e-03,2.184749291473112292e-03,2.087565155443482732e-03,2.012966163068662887e-03,1.973608328831433830e-03,1.943030928979442304e-03,1.910662903330629303e-03,1.884088462512778636e-03,1.882595537350757785e-03,1.925532954757692159e-03,1.990927973991754845e-03,2.067078248562238471e-03,2.159780369715276656e-03,2.284153285755601611e-03,2.391334287505891224e-03,2.475999866436748732e-03,2.544239445466855033e-03,2.578719532517850278e-03,2.604774598347208824e-03,2.655213397986185258e-03,2.713663435681584832e-03,2.787059527886636898e-03,2.896386659549573302e-03,3.038786881891507655e-03,3.181984714545532666e-03,3.332678480222994993e-03,3.496972517876296201e-03,3.689051937294708910e-03,3.949563636634782771e-03,4.273113838605905462e-03,4.565632026540158116e-03,5.140320779826229938e-03,5.854844716270755922e-03,6.583919082660091154e-03,7.198851430673502104e-03,7.717810938738965329e-03,8.293352978191515998e-03,9.422326627603123950e-03,1.062829702186123687e-02,1.209884912903696173e-02,1.429613339871498891e-02,1.672612393550598417e-02,1.927899932610927999e-02,2.183341309375567280e-02,2.435350923282976823e-02,2.722872966841876491e-02,3.108891186720739302e-02,3.560787210124419927e-02
2.821010031164268746e-03,2.617862146725383893e-03,2.418101458528203011e-03,2.247293801066738584e-03,2.124060364615106000e-03,2.027121028464938524e-03,1.966919442720265962e-03,1.935267284882525836e-03,1.914664060082967413e-03,1.906004860413324344e-03,1.912454464076243860e-03,1.934550643850706199e-03,1.988359869733170773e-03,2.047965477718761799e-03,2.108231673343812038e-03,2.195322443843955064e-03,2.319401065403037168e-03,2.402746096463848936e-03,2.459149829139210732e-03,2.504920450455301855e-03,2.533543091617743419e-03,2.566469105463328217e-03,2.596707016874527565e-03,2.642364410138133002e-03,2.703921525478790444e-03,2.791183735265537289e-03,2.907684677133174841e-03,3.042732768717021710e-03,3.203032638037108144e-03,3.370176052528703510e-03,3.548772303223825773e-03,3.797699922119074107e-03,4.147116714106603014e-03,4.465701639437506289e-03,5.033443803451482720e-03,5.739858319670246463e-03,6.493205659321072722e-03,7.154066116214876855e-03,7.713065701087994802e-03,8.410737164596795989e-03,9.576431088287502141e-03,1.085766278736646946e-02,1.222748132969135246e-02,1.428428274428966867e-02,1.670678953760838456e-02,1.928884329016430574e-02,2.190061047353397336e-02,2.458409034191669229e-02,2.752387524263035998e-02,3.131422486043702880e-02,3.638029809626329436e-02
2.725676596727207805e-03,2.535574792485405498e-03,2.343896016845410310e-03,2.193171963118922124e-03,2.070184108328133009e-03,1.979879200195009802e-03,1.939208819737702838e-03,1.917052818014839278e-03,1.903018946878450891e-03,1.923502492933329899e-03,1.956826476045812630e-03,2.000961560826530934e-03,2.042709529777480756e-03,2.083981409665803392e-03,2.129316740150656063e-03,2.204223093803523489e-03,2.326032566196825115e-03,2.401790128412062235e-03,2.449709152201973248e-03,2.477194915325302803e-03,2.503605860309254284e-03,2.508206933381084899e-03,2.508087424721815867e-03,2.531750417809501986e-03,2.572683937506615830e-03,2.657783215367492870e-03,2.771818039503000809e-03,2.911271376075353582e-03,3.086078762574954917e-03,3.294524499002923247e-03,3.480344518286469097e-03,3.715375255364829904e-03,4.085410849782528456e-03,4.435467031148352356e-03,4.996782359838337906e-03,5.693519781995302897e-03,6.452651261500028448e-03,7.165112173651966461e-03,7.754932688833119855e-03,8.462732003714987239e-03,9.592378434843449805e-03,1.094762805378414298e-02,1.234074204454305157e-02,1.427829700793660853e-02,1.664690982429795074e-02,1.920851451330902668e-02,2.194807172461476011e-02,2.488658342548065103e-02,2.803068985689726247e-02,3.179878285224495976e-02,3.692025683249645918e-02
2.631308436462472672e-03,2.471279437288783146e-03,2.317489289556842746e-03,2.182120954560460690e-03,2.062957026457418533e-03,1.985612602711415813e-03,1.933356243272281666e-03,1.898958118778852492e-03,1.899435862405259934e-03,1.943986458572462533e-03,1.998930945841642746e-03,2.046651488143596750e-03,2.078307171783877211e-03,2.123463050961585125e-03,2.173220501321247548e-03,2.240304392380541940e-03,2.351244619280166807e-03,2.427123590565015507e-03,2.469606379141646955e-03,2.501574224391794974e-03,2.498706039535127620e-03,2.467096797169287398e-03,2.444749844961019089e-03,2.447558124354228155e-03,2.478150955464408691e-03,2.556131056953945147e-03,2.676011179365677100e-03,2.825911431428583358e-03,3.004231144320362520e-03,3.242259495810574828e-03,3.468561534882186499e-03,3.689051937294708910e-03,4.061770911536127966e-03,4.424989904915020353e-03,4.961080677105217038e-03,5.633996195456853449e-03,6.363389386956993903e-03,7.080228757431296545e-03,7.682192173051567881e-03,8.448365529319389750e-03,9.615427313421744462e-03,1.102205286079384339e-02,1.246976748144116784e-02,1.432116534467921774e-02,1.661830458717403897e-02,1.912788840995378534e-02,2.192729572646057862e-02,2.485193657631938960e-02,2.824752807151864956e-02,3.214138158604828294e-02,3.693027599817093332e-02
2.586129619774051903e-03,2.451382177060195278e-03,2.312231924825240356e-03,2.167963895006581616e-03,2.061762472500581166e-03,2.004306112143328447e-03,1.959334777778029123e-03,1.919680458330534981e-03,1.925055198663405557e-03,1.972891660322332024e-03,2.039723208026992130e-03,2.084698157793881106e-03,2.120177832244711513e-03,2.169755916782275303e-03,2.215692504526831346e-03,2.271906466709876660e-03,2.369944964971239330e-03,2.444152339724632757e-03,2.496435399024486169e-03,2.531511394877881006e-03,2.510358091690203467e-03,2.455325746729274290e-03,2.400117186520443844e-03,2.383268427789610178e-03,2.406330984797270135e-03,2.461719142721694072e-03,2.579317118164273313e-03,2.738287582743016875e-03,2.917428572590220585e-03,3.158366123340781723e-03,3.424361631331261906e-03,3.649269146541048951e-03,4.006832656615031546e-03,4.393439450632258790e-03,4.939396720177570768e-03,5.614695249350249925e-03,6.329018491460117017e-03,7.044812772068443155e-03,7.695886927780526757e-03,8.553203457132667331e-03,9.791350485463902464e-03,1.123221985090301286e-02,1.274785036044148376e-02,1.461185993595779525e-02,1.695610465729765343e-02,1.949182068975322674e-02,2.222630454219706383e-02,2.502176038864757299e-02,2.833882630455657886e-02,3.214445916782240203e-02,3.670963020513572095e-02
2.534499185629511282e-03,2.396831058809986703e-03,2.270651922983994622e-03,2.138097338182908588e-03,2.056028633370947812e-03,2.008427092541293767e-03,1.966322222921760860e-03,1.945300313253685211e-03,1.959693107110515968e-03,2.014280108382378396e-03,2.085773280949238667e-03,2.130869765482829113e-03,2.165216134520976578e-03,2.198787116961607724e-03,2.220172778819983622e-03,2.259659797646891479e-03,2.340908795521044923e-03,2.412843564816512156e-03,2.485620050515161515e-03,2.522846852179393487e-03,2.513106800708223443e-03,2.442120824591367725e-03,2.370661918092542564e-03,2.341984194169830467e-03,2.339594420965280825e-03,2.382909946645538762e-03,2.500379146368436958e-03,2.671588626425470004e-03,2.866797218422915527e-03,3.105091805104176397e-03,3.393141767169823887e-03,3.681693497303098212e-03,4.062249689551000915e-03,4.480549860977076429e-03,4.985520617599970526e-03,5.640529829932816076e-03,6.360390134370736380e-03,7.083770424954620622e-03,7.741116989777749487e-03,8.632019480585253340e-03,9.922816535569175048e-03,1.142187214274362379e-02,1.302311206079415258e-02,1.495951026154996970e-02,1.746486878200373752e-02,2.011985299526787910e-02,2.267501595523393337e-02,2.537665631177852057e-02,2.872489720270065411e-02,3.246796583264945080e-02,3.690485719949600230e-02
